DiseaseID,DiseaseName,disease_index
MESH:D054198,Precursor Cell Lymphoblastic Leukemia-Lymphoma,0
MESH:D004827,Epilepsy,1
MESH:D006816,Huntington Disease,2
MESH:D008113,Liver Neoplasms,3
MESH:D007938,Leukemia,4
MESH:D064726,Triple Negative Breast Neoplasms,5
MESH:D008228,"Lymphoma, Non-Hodgkin",6
MESH:D016399,"Lymphoma, T-Cell",7
MESH:D012640,Seizures,8
MESH:D019970,Cocaine-Related Disorders,9
MESH:D008223,Lymphoma,10
MESH:D055728,Primary Myelofibrosis,11
MESH:D006948,Hyperkinesis,12
MESH:D009069,Movement Disorders,13
MESH:D011041,Poisoning,14
MESH:D055371,Acute Lung Injury,15
MESH:D009202,Cardiomyopathies,16
MESH:D003092,Colitis,17
MESH:D005119,Extravasation of Diagnostic and Therapeutic Materials,18
MESH:D005355,Fibrosis,19
MESH:D006930,Hyperalgesia,20
MESH:D006943,Hyperglycemia,21
MESH:D007333,Insulin Resistance,22
MESH:D011654,Pulmonary Edema,23
MESH:D015430,Weight Gain,24
MESH:D015431,Weight Loss,25
MESH:D002286,"Carcinoma, Ehrlich Tumor",26
MESH:D015428,Myocardial Reperfusion Injury,27
MESH:D012510,Sarcoma 180,28
MESH:D006332,Cardiomegaly,29
MESH:D000647,Amnesia,30
MESH:D001068,Feeding and Eating Disorders,31
MESH:D001169,"Arthritis, Experimental",32
MESH:D004681,"Encephalomyelitis, Autoimmune, Experimental",33
MESH:D013375,Substance Withdrawal Syndrome,34
MESH:D020520,Brain Infarction,35
MESH:D006965,Hyperplasia,36
MESH:D006973,Hypertension,37
MESH:D011658,Pulmonary Fibrosis,38
MESH:D010190,Pancreatic Neoplasms,39
MESH:D002375,Catalepsy,40
MESH:D056486,Chemical and Drug Induced Liver Injury,41
MESH:D011183,Postoperative Complications,42
MESH:D007674,Kidney Diseases,43
MESH:D011507,Proteinuria,44
MESH:D012279,Rickets,45
MESH:D003872,Dermatitis,46
MESH:D004487,Edema,47
MESH:D006968,"Hypersensitivity, Delayed",48
MESH:D007249,Inflammation,49
MESH:D020078,Neurogenic Inflammation,50
MESH:D013226,Status Epilepticus,51
MESH:D064420,Drug-Related Side Effects and Adverse Reactions,52
MESH:D020262,"Mercury Poisoning, Nervous System",53
MESH:D009336,Necrosis,54
MESH:D014693,Ventricular Fibrillation,55
MESH:D019969,Amphetamine-Related Disorders,56
MESH:D020329,Essential Tremor,57
MESH:D001943,Breast Neoplasms,58
MESH:D002277,Carcinoma,59
MESH:D066253,Vascular Remodeling,60
MESH:D009361,Neoplasm Invasiveness,61
MESH:D005909,Glioblastoma,62
MESH:D008545,Melanoma,63
MESH:D008114,"Liver Neoplasms, Experimental",64
MESH:D009101,Multiple Myeloma,65
MESH:D009369,Neoplasms,66
MESH:D006509,Hepatitis B,67
MESH:D048629,"Micronuclei, Chromosome-Defective",68
MESH:D066126,Cardiotoxicity,69
MESH:D010051,Ovarian Neoplasms,70
MESH:D010146,Pain,71
MESH:D012021,"Reflex, Abnormal",72
MESH:D003929,Diabetic Neuropathies,73
MESH:D007859,Learning Disabilities,74
MESH:D008569,Memory Disorders,75
MESH:D056912,Binge-Eating Disorder,76
MESH:D004409,"Dyskinesia, Drug-Induced",77
MESH:D005234,Fatty Liver,78
MESH:D006529,Hepatomegaly,79
MESH:D006963,Hyperphagia,80
MESH:D009765,Obesity,81
MESH:D012893,Sleep Wake Disorders,82
MESH:D008268,Macular Degeneration,83
MESH:D000544,Alzheimer Disease,84
MESH:D009422,Nervous System Diseases,85
MESH:D010300,Parkinson Disease,86
MESH:D006528,"Carcinoma, Hepatocellular",87
MESH:D003866,Depressive Disorder,88
MESH:D004195,"Disease Models, Animal",89
MESH:D007035,Hypothermia,90
MESH:D015427,Reperfusion Injury,91
MESH:D012164,Retinal Diseases,92
MESH:D018805,Sepsis,93
MESH:D013276,Stomach Ulcer,94
MESH:D008106,"Liver Cirrhosis, Experimental",95
MESH:D008630,Mercury Poisoning,96
MESH:D007948,"Leukemia, Monocytic, Acute",97
MESH:D012734,Disorders of Sex Development,98
MESH:D001929,Brain Edema,99
MESH:D002545,Brain Ischemia,100
MESH:D003921,"Diabetes Mellitus, Experimental",101
MESH:D004283,Dog Diseases,102
MESH:D002534,"Hypoxia, Brain",103
MESH:D002546,"Ischemic Attack, Transient",104
MESH:D009410,Nerve Degeneration,105
MESH:D058186,Acute Kidney Injury,106
MESH:D000419,Albuminuria,107
MESH:D005923,"Glomerulosclerosis, Focal Segmental",108
MESH:D001480,Basal Ganglia Diseases,109
MESH:D007022,Hypotension,110
MESH:D018754,Ventricular Dysfunction,111
MESH:D001145,"Arrhythmias, Cardiac",112
MESH:D002289,"Carcinoma, Non-Small-Cell Lung",113
MESH:D010538,Peritonitis,114
MESH:D059226,Nociceptive Pain,115
MESH:D002780,"Cholestasis, Intrahepatic",116
MESH:D018149,Glucose Intolerance,117
MESH:D010243,Paralysis,118
MESH:D001008,Anxiety Disorders,119
MESH:D009207,Myoclonus,120
MESH:D062025,Organophosphate Poisoning,121
MESH:D003110,Colonic Neoplasms,122
MESH:D012871,Skin Diseases,123
MESH:D006333,Heart Failure,124
MESH:D002294,"Carcinoma, Squamous Cell",125
MESH:D011014,Pneumonia,126
MESH:D009127,Muscle Rigidity,127
MESH:D011470,Prostatic Hyperplasia,128
MESH:D000230,Adenocarcinoma,129
MESH:D007414,Intestinal Neoplasms,130
MESH:D008325,"Mammary Neoplasms, Experimental",131
MESH:D001423,Bacterial Infections and Mycoses,132
MESH:D011537,Pruritus,133
MESH:D017202,Myocardial Ischemia,134
MESH:D015451,"Leukemia, Lymphocytic, Chronic, B-Cell",135
MESH:D015470,"Leukemia, Myeloid, Acute",136
MESH:D008103,Liver Cirrhosis,137
MESH:D055370,Lung Injury,138
MESH:D001745,Urinary Bladder Diseases,139
MESH:D020244,"Infarction, Middle Cerebral Artery",140
MESH:D009203,Myocardial Infarction,141
MESH:D002177,Candidiasis,142
MESH:D005901,Glaucoma,143
MESH:D005921,Glomerulonephritis,144
MESH:D007105,Immune Complex Diseases,145
MESH:D014657,Vasculitis,146
MESH:D002252,Carbon Tetrachloride Poisoning,147
MESH:D004381,Duodenal Ulcer,148
MESH:D013272,Stomach Diseases,149
MESH:D001862,Bone Resorption,150
MESH:D009437,Neuralgia,151
MESH:D020734,Parkinsonian Disorders,152
MESH:D009374,"Neoplasms, Experimental",153
MESH:D011471,Prostatic Neoplasms,154
MESH:D001851,"Bone Diseases, Metabolic",155
MESH:D004714,Endometrial Hyperplasia,156
MESH:D016889,Endometrial Neoplasms,157
MESH:D005327,Fetal Resorption,158
MESH:D019584,Hot Flashes,159
MESH:D007247,"Infertility, Female",160
MESH:D009376,"Neoplasms, Hormone-Dependent",161
MESH:D007744,Obstetric Labor Complications,162
MESH:D007752,"Obstetric Labor, Premature",163
MESH:D015663,"Osteoporosis, Postmenopausal",164
MESH:D016471,Ovarian Hyperstimulation Syndrome,165
MESH:D010922,Placenta Diseases,166
MESH:D011230,Precancerous Conditions,167
MESH:D047928,Premature Birth,168
MESH:D013927,Thrombosis,169
MESH:D002581,Uterine Cervical Incompetence,170
MESH:D014592,Uterine Hemorrhage,171
MESH:D001778,Blood Coagulation Disorders,172
MESH:D019446,Endotoxemia,173
MESH:D009102,Multiple Organ Failure,174
MESH:D029424,"Pulmonary Disease, Chronic Obstructive",175
MESH:D006331,Heart Diseases,176
MESH:D006940,Hyperemia,177
MESH:D006976,"Hypertension, Pulmonary",178
MESH:D017380,"Hypertrophy, Right Ventricular",179
MESH:D009021,Morphine Dependence,180
MESH:D001930,Brain Injuries,181
MESH:D011565,Psoriasis,182
MESH:D012175,Retinoblastoma,183
MESH:D006470,Hemorrhage,184
MESH:D047508,Massive Hepatic Necrosis,185
MESH:D019954,Neurobehavioral Manifestations,186
MESH:D015837,Vestibular Diseases,187
MESH:D009362,Neoplasm Metastasis,188
MESH:D012772,"Shock, Septic",189
MESH:D006086,Graft vs Host Disease,190
MESH:D006937,Hypercholesterolemia,191
MESH:D015228,Hypertriglyceridemia,192
MESH:D008180,"Lupus Erythematosus, Systemic",193
MESH:D009393,Nephritis,194
MESH:D003928,Diabetic Nephropathies,195
MESH:D014202,Tremor,196
MESH:D003876,"Dermatitis, Atopic",197
MESH:D006505,Hepatitis,198
MESH:D013610,Tachycardia,199
MESH:D020258,Neurotoxicity Syndromes,200
MESH:D007077,Ileal Diseases,201
MESH:D007248,"Infertility, Male",202
MESH:D007579,Jejunal Diseases,203
MESH:D020233,"Gait Disorders, Neurologic",204
MESH:D018476,Hypokinesia,205
MESH:D020267,MPTP Poisoning,206
MESH:D008881,Migraine Disorders,207
MESH:D010195,Pancreatitis,208
MESH:D018352,Coronavirus Infections,209
MESH:D007251,"Influenza, Human",210
MESH:D059445,Anhedonia,211
MESH:D012559,Schizophrenia,212
MESH:D054082,Lissencephaly,213
MESH:D065886,Neurodevelopmental Disorders,214
MESH:D015179,Colorectal Neoplasms,215
MESH:D000086382,COVID-19,216
MESH:D012131,Respiratory Insufficiency,217
MESH:D010523,Peripheral Nervous System Diseases,218
MESH:D000072660,Teratozoospermia,219
MESH:D013733,Testicular Diseases,220
MESH:D003371,Cough,221
MESH:D003643,Death,222
MESH:D017449,"Dermatitis, Allergic Contact",223
MESH:D053201,"Urinary Bladder, Overactive",224
MESH:D046152,Gastrointestinal Stromal Tumors,225
MESH:D016393,"Lymphoma, B-Cell",226
MESH:D008224,"Lymphoma, Follicular",227
MESH:D012208,Rhabdomyosarcoma,228
MESH:D020521,Stroke,229
MESH:D003072,Cognition Disorders,230
MESH:D001927,Brain Diseases,231
MESH:D006949,Hyperlipidemias,232
MESH:D065626,Non-alcoholic Fatty Liver Disease,233
MESH:D001919,Bradycardia,234
MESH:D006984,Hypertrophy,235
MESH:D014555,Urination Disorders,236
MESH:D015473,"Leukemia, Promyelocytic, Acute",237
MESH:D013964,Thyroid Neoplasms,238
MESH:D009303,Nasopharyngeal Neoplasms,239
MESH:D003924,"Diabetes Mellitus, Type 2",240
MESH:D050171,Dyslipidemias,241
MESH:D007898,"Leishmaniasis, Visceral",242
MESH:D001749,Urinary Bladder Neoplasms,243
MESH:D048550,Hepatic Insufficiency,244
MESH:D007410,Intestinal Diseases,245
MESH:D012771,"Shock, Hemorrhagic",246
MESH:D007511,Ischemia,247
MESH:D001289,Attention Deficit Disorder with Hyperactivity,248
MESH:D020820,Dyskinesias,249
MESH:D010409,Penile Diseases,250
MESH:D016908,Gram-Positive Bacterial Infections,251
MESH:D028361,Mitochondrial Diseases,252
MESH:D009389,"Neovascularization, Pathologic",253
MESH:D013119,Spinal Cord Injuries,254
MESH:D048909,Diabetes Complications,255
MESH:D001855,Bone Marrow Diseases,256
MESH:D034381,Hearing Loss,257
MESH:D019957,Motor Skills Disorders,258
MESH:D007683,"Kidney Tubular Necrosis, Acute",259
MESH:D014549,Urinary Incontinence,260
MESH:D008133,Long QT Syndrome,261
MESH:D012080,Chronic Kidney Disease-Mineral and Bone Disorder,262
MESH:D006934,Hypercalcemia,263
MESH:D053565,Hypercalciuria,264
MESH:D002779,Cholestasis,265
MESH:D010998,Pleurisy,266
MESH:D058226,"Plaque, Atherosclerotic",267
MESH:D009976,Orthomyxoviridae Infections,268
MESH:D001168,Arthritis,269
MESH:D007003,Hypoglycemia,270
MESH:D000690,Amyotrophic Lateral Sclerosis,271
MESH:D001201,Ascites,272
MESH:D005910,Glioma,273
MESH:D008413,Mastitis,274
MESH:D009062,Mouth Neoplasms,275
MESH:D012516,Osteosarcoma,276
MESH:D015209,"Cholangitis, Sclerosing",277
MESH:D002318,Cardiovascular Diseases,278
MESH:D003877,"Dermatitis, Contact",279
MESH:D017495,Hyperpigmentation,280
MESH:D011833,"Radiation Injuries, Experimental",281
MESH:D011778,Q Fever,282
MESH:D050197,Atherosclerosis,283
MESH:D018188,Cardiovirus Infections,284
MESH:D018357,Respiratory Syncytial Virus Infections,285
MESH:D002544,Cerebral Infarction,286
MESH:D004485,Eczema,287
MESH:D008171,Lung Diseases,288
MESH:D015658,HIV Infections,289
MESH:D019283,"Pancreatitis, Acute Necrotizing",290
MESH:D012878,Skin Neoplasms,291
MESH:D009461,Neurologic Manifestations,292
MESH:D002180,"Candidiasis, Oral",293
MESH:D002471,"Cell Transformation, Neoplastic",294
MESH:D019694,"Hepatitis B, Chronic",295
MESH:C563477,"Nephrolithiasis, Calcium Oxalate",296
MESH:D058625,End Stage Liver Disease,297
MESH:D006083,"Graft Occlusion, Vascular",298
MESH:D006526,Hepatitis C,299
MESH:D015459,"Leukemia-Lymphoma, Adult T-Cell",300
MESH:D008175,Lung Neoplasms,301
MESH:D006042,Goiter,302
MESH:D011125,Adenomatous Polyposis Coli,303
MESH:D001342,Autonomic Nervous System Diseases,304
MESH:D006330,"Heart Defects, Congenital",305
MESH:D006335,Heart Injuries,306
MESH:D010490,Pericardial Effusion,307
MESH:D049188,Prenatal Injuries,308
MESH:D018771,Arthralgia,309
MESH:D006962,"Hyperparathyroidism, Secondary",310
MESH:D014511,Uremia,311
MESH:D010049,Ovarian Diseases,312
MESH:D019457,Chromosome Breakage,313
MESH:D011225,Pre-Eclampsia,314
MESH:D003556,Cystitis,315
MESH:D020767,Intracranial Thrombosis,316
MESH:D008546,"Melanoma, Experimental",317
MESH:D009436,Neural Tube Defects,318
MESH:D001763,Blepharoptosis,319
MESH:D003128,Coma,320
MESH:D004915,"Leukemia, Erythroblastic, Acute",321
MESH:D016769,Embolism and Thrombosis,322
MESH:D014839,Vomiting,323
MESH:D000236,Adenoma,324
MESH:D009845,Oligospermia,325
MESH:D007172,Erectile Dysfunction,326
MESH:D013035,Spasm,327
MESH:D001249,Asthma,328
MESH:D003384,Coxsackievirus Infections,329
MESH:D014355,Chagas Disease,330
MESH:D016773,"Leishmaniasis, Cutaneous",331
MESH:D014123,Toxoplasmosis,332
MESH:D011618,Psychotic Disorders,333
MESH:D019966,Substance-Related Disorders,334
MESH:D001259,Ataxia,335
MESH:D003967,Diarrhea,336
MESH:D009128,Muscle Spasticity,337
MESH:D000402,Airway Obstruction,338
MESH:D009798,Ocular Hypertension,339
MESH:D018827,"Carcinoma, Lewis Lung",340
MESH:D006946,Hyperinsulinism,341
MESH:D000707,Anaphylaxis,342
MESH:C536875,Arrest of spermatogenesis,343
MESH:D058065,Diabetic Cardiomyopathies,344
MESH:D003875,Drug Eruptions,345
MESH:D004719,Endomyocardial Fibrosis,346
MESH:D018487,"Ventricular Dysfunction, Left",347
MESH:D007951,"Leukemia, Myeloid",348
MESH:D005764,Gastroesophageal Reflux,349
MESH:D007417,Intestinal Polyps,350
MESH:D008108,"Liver Diseases, Alcoholic",351
MESH:D012513,"Sarcoma, Experimental",352
MESH:D054218,Precursor T-Cell Lymphoblastic Leukemia-Lymphoma,353
MESH:D000077195,Squamous Cell Carcinoma of Head and Neck,354
MESH:D001768,Blister,355
MESH:D002057,"Burns, Chemical",356
MESH:D015529,Choledochal Cyst,357
MESH:D010003,Osteoarthritis,358
MESH:D000077192,Adenocarcinoma of Lung,359
MESH:D003930,Diabetic Retinopathy,360
MESH:D020270,Alcohol Withdrawal Seizures,361
MESH:D004833,"Epilepsy, Temporal Lobe",362
MESH:D018316,Gliosarcoma,363
MESH:D008527,Medulloblastoma,364
MESH:D001157,Arterial Occlusive Diseases,365
MESH:D008107,Liver Diseases,366
MESH:D001284,Atrophy,367
MESH:D004938,Esophageal Neoplasms,368
MESH:D016535,Bronchial Hyperreactivity,369
MESH:D007079,Ileitis,370
MESH:D033461,Hyperuricemia,371
MESH:D012282,Rickettsia Infections,372
MESH:D017282,Tick-Borne Diseases,373
MESH:D017180,"Tachycardia, Ventricular",374
MESH:D018879,Ventricular Premature Complexes,375
MESH:D000860,Hypoxia,376
MESH:D012555,Schistosomiasis mansoni,377
MESH:D006317,"Hearing Loss, Noise-Induced",378
MESH:D000070642,"Brain Injuries, Traumatic",379
MESH:D018883,Heat Stroke,380
MESH:D014950,"Wounds, Penetrating",381
MESH:D004832,"Epilepsy, Absence",382
MESH:D017109,"Akathisia, Drug-Induced",383
MESH:D005911,Gliosis,384
MESH:D001010,"Anxiety, Separation",385
MESH:D019956,Stereotypic Movement Disorder,386
MESH:D064129,"Prostatic Neoplasms, Castration-Resistant",387
MESH:D003057,Cockayne Syndrome,388
MESH:D005832,"Genital Diseases, Male",389
MESH:D007027,Hypothalamic Diseases,390
MESH:D050177,Overweight,391
MESH:D014591,Uterine Diseases,392
MESH:D009447,Neuroblastoma,393
MESH:D010235,Paraganglioma,394
MESH:D004646,Emphysema,395
MESH:D005497,Follicular Cyst,396
MESH:D010302,"Parkinson Disease, Secondary",397
MESH:D013274,Stomach Neoplasms,398
MESH:D063646,Carcinogenesis,399
MESH:D024821,Metabolic Syndrome,400
MESH:D045743,"Scleroderma, Diffuse",401
MESH:D012595,"Scleroderma, Systemic",402
MESH:D007636,Keratoacanthoma,403
MESH:D010212,Papilloma,404
MESH:D014029,Tobacco Use Disorder,405
MESH:D009400,Nephrosclerosis,406
MESH:D051436,"Renal Insufficiency, Chronic",407
MESH:D020257,Ventricular Remodeling,408
MESH:D000152,Acne Vulgaris,409
MESH:D001986,Bronchial Spasm,410
MESH:D006967,Hypersensitivity,411
MESH:D012220,Rhinitis,412
MESH:D014581,Urticaria,413
MESH:D000083083,Laminopathies,414
MESH:D011371,Progeria,415
MESH:D002292,"Carcinoma, Renal Cell",416
MESH:D007945,"Leukemia, Lymphoid",417
MESH:D011141,Polyuria,418
MESH:D014456,Ulcer,419
MESH:D002386,Cataract,420
MESH:D006417,Hematuria,421
MESH:D009103,Multiple Sclerosis,422
MESH:D009135,Muscular Diseases,423
MESH:D019636,Neurodegenerative Diseases,424
MESH:D004802,Eosinophilia,425
MESH:D055752,Small Cell Lung Carcinoma,426
MESH:D001847,Bone Diseases,427
MESH:D002100,Cachexia,428
MESH:D058739,Aberrant Crypt Foci,429
MESH:D010182,Pancreatic Diseases,430
MESH:D005705,Gallbladder Diseases,431
MESH:D003093,"Colitis, Ulcerative",432
MESH:D012008,Recurrence,433
MESH:D006342,"Heart Rupture, Post-Infarction",434
MESH:D022124,Hyperammonemia,435
MESH:D007673,Kidney Cortex Necrosis,436
MESH:D005334,Fever,437
MESH:D011123,Polyploidy,438
MESH:D018281,Cholangiocarcinoma,439
MESH:D003920,Diabetes Mellitus,440
MESH:D001989,Bronchiolitis Obliterans,441
MESH:D059350,Chronic Pain,442
MESH:D006520,"Hepatitis, Animal",443
MESH:D000855,Anorexia,444
MESH:D018376,Cardiovascular Abnormalities,445
MESH:D007970,Leukopenia,446
MESH:D008654,Mesothelioma,447
MESH:D001424,Bacterial Infections,448
MESH:D007896,Leishmaniasis,449
MESH:D000648,"Amnesia, Retrograde",450
MESH:C537922,Fetal hydantoin syndrome,451
MESH:D006030,"Glycosuria, Renal",452
MESH:D000740,Anemia,453
MESH:D006561,Herpes Simplex,454
MESH:D005770,Gastrointestinal Neoplasms,455
MESH:D006258,Head and Neck Neoplasms,456
MESH:D002583,Uterine Cervical Neoplasms,457
MESH:D000090862,Neuroinflammatory Diseases,458
MESH:D015674,"Mammary Neoplasms, Animal",459
MESH:D006712,Homocystinuria,460
MESH:D000505,Alopecia,461
MESH:D003550,Cystic Fibrosis,462
MESH:D008059,Mucopolysaccharidosis I,463
MESH:D020388,"Muscular Dystrophy, Duchenne",464
MESH:D052245,Usher Syndromes,465
MESH:D009290,Narcolepsy,466
MESH:D002312,"Cardiomyopathy, Hypertrophic",467
MESH:D011657,Pulmonary Eosinophilia,468
MESH:D006461,Hemolysis,469
MESH:D011115,Polyneuropathies,470
MESH:D019465,Craniofacial Abnormalities,471
MESH:D002422,Causalgia,472
MESH:D006471,Gastrointestinal Hemorrhage,473
MESH:D001024,Aortic Valve Stenosis,474
MESH:D002357,Cartilage Diseases,475
MESH:D014777,Virus Diseases,476
MESH:D001281,Atrial Fibrillation,477
MESH:D011087,Polycythemia Vera,478
MESH:D011015,"Pneumonia, Aspiration",479
MESH:D017379,"Hypertrophy, Left Ventricular",480
MESH:D012509,Sarcoma,481
MESH:D001523,Mental Disorders,482
MESH:D010554,Personality Disorders,483
MESH:D001049,Apnea,484
MESH:D009325,Nausea,485
MESH:C562842,"Carcinoid Tumors, Intestinal",486
MESH:D008303,Malignant Carcinoid Syndrome,487
MESH:D018358,Neuroendocrine Tumors,488
MESH:D001161,Arteriosclerosis,489
MESH:D014376,Tuberculosis,490
MESH:D012162,Retinal Degeneration,491
MESH:D004830,"Epilepsy, Tonic-Clonic",492
MESH:D012652,Self Mutilation,493
MESH:D007411,"Intestinal Diseases, Parasitic",494
MESH:D008174,"Lung Diseases, Parasitic",495
MESH:D009855,Onchocerciasis,496
MESH:D010272,Parasitic Diseases,497
MESH:D013322,Strongyloidiasis,498
MESH:D004421,Dystonia,499
MESH:D007942,"Leukemia, Experimental",500
MESH:D016403,"Lymphoma, Large B-Cell, Diffuse",501
MESH:D020522,"Lymphoma, Mantle-Cell",502
MESH:D006689,Hodgkin Disease,503
MESH:D007057,Ichthyosis,504
MESH:D016483,"Lymphoma, AIDS-Related",505
MESH:D009402,"Nephrosis, Lipoid",506
MESH:D012128,Respiratory Distress Syndrome,507
MESH:D000435,Alcoholic Intoxication,508
MESH:D000437,Alcoholism,509
MESH:D005235,"Fatty Liver, Alcoholic",510
MESH:D008104,"Liver Cirrhosis, Alcoholic",511
MESH:D000787,Angina Pectoris,512
MESH:D000075222,Essential Hypertension,513
MESH:D013614,"Tachycardia, Paroxysmal",514
MESH:D001172,"Arthritis, Rheumatoid",515
MESH:D017116,Low Back Pain,516
MESH:D001018,Aortic Diseases,517
MESH:D004617,Embolism,518
MESH:D012214,Rheumatic Heart Disease,519
MESH:D013921,Thrombocytopenia,520
MESH:D013923,Thromboembolism,521
MESH:D054556,Venous Thromboembolism,522
MESH:D020246,Venous Thrombosis,523
MESH:D010939,Plant Poisoning,524
MESH:D015746,Abdominal Pain,525
MESH:D020751,Alcohol-Induced Disorders,526
MESH:D000799,Angioedema,527
MESH:D015210,"Arthritis, Gouty",528
MESH:D003424,Crohn Disease,529
MESH:D005094,Exophthalmos,530
MESH:D005157,Facial Pain,531
MESH:D006941,Hyperesthesia,532
MESH:D000084462,Hyperthermia,533
MESH:D015878,Mydriasis,534
MESH:D009459,Neuroleptic Malignant Syndrome,535
MESH:D020250,Postoperative Nausea and Vomiting,536
MESH:D010149,Postoperative Pain,537
MESH:D011595,Psychomotor Agitation,538
MESH:D051437,Renal Insufficiency,539
MESH:D012141,Respiratory Tract Infections,540
MESH:D012852,Sinusitis,541
MESH:D055009,Spondylosis,542
MESH:D000755,"Anemia, Sickle Cell",543
MESH:D001416,Back Pain,544
MESH:D013130,Spinal Stenosis,545
MESH:D004660,Encephalitis,546
MESH:D010900,Pituitary Diseases,547
MESH:D000471,Alkalosis,548
MESH:D000532,Altitude Sickness,549
MESH:D002524,Cerebellar Ataxia,550
MESH:D002543,Cerebral Hemorrhage,551
MESH:D006259,Craniocerebral Trauma,552
MESH:C535506,"Episodic Ataxia, Type 2",553
MESH:D005131,Eye Injuries,554
MESH:D015812,"Glaucoma, Angle-Closure",555
MESH:D006261,Headache,556
MESH:D051270,"Headache Disorders, Primary",557
MESH:D006849,Hydrocephalus,558
MESH:D020514,Hypokalemic Periodic Paralysis,559
MESH:C531795,Idiopathic intracranial hypertension with papilledema,560
MESH:D007235,"Infant, Premature, Diseases",561
MESH:D019586,Intracranial Hypertension,562
MESH:D020190,"Myoclonic Epilepsy, Juvenile",563
MESH:D009222,Myotonia,564
MESH:D009224,Myotonia Congenita,565
MESH:D020967,Myotonic Disorders,566
MESH:D010211,Papilledema,567
MESH:D011559,Pseudotumor Cerebri,568
MESH:C535833,Pulmonary edema of mountaineers,569
MESH:D015356,Retinal Artery Occlusion,570
MESH:D020182,"Sleep Apnea, Central",571
MESH:D015354,"Vision, Low",572
MESH:D014973,Xanthomatosis,573
MESH:D009401,Nephrosis,574
MESH:D052878,Urolithiasis,575
MESH:D009497,Neurotic Disorders,576
MESH:D010259,Paranoid Disorders,577
MESH:D012561,"Schizophrenia, Childhood",578
MESH:D002310,"Cardiomyopathy, Alcoholic",579
MESH:D018908,Muscle Weakness,580
MESH:D061205,Vascular Calcification,581
MESH:D020964,Embryo Loss,582
MESH:D005313,Fetal Death,583
MESH:D006319,"Hearing Loss, Sensorineural",584
MESH:D000748,"Anemia, Macrocytic",585
MESH:D000789,"Angina, Unstable",586
MESH:D001167,Arteritis,587
MESH:D001714,Bipolar Disorder,588
MESH:D002869,Chromosome Aberrations,589
MESH:D015834,Cochlear Diseases,590
MESH:D003161,Compartment Syndromes,591
MESH:D003645,"Death, Sudden",592
MESH:D003711,Demyelinating Diseases,593
MESH:D003925,Diabetic Angiopathies,594
MESH:D004211,Disseminated Intravascular Coagulation,595
MESH:D004342,Drug Hypersensitivity,596
MESH:D062787,Drug Overdose,597
MESH:D004427,Ear Diseases,598
MESH:D020031,Epstein-Barr Virus Infections,599
MESH:D005317,Fetal Growth Retardation,600
MESH:D005767,Gastrointestinal Diseases,601
MESH:D006311,Hearing Disorders,602
MESH:D006402,Hematologic Diseases,603
MESH:D006501,Hepatic Encephalopathy,604
MESH:D006959,Hyperoxaluria,605
MESH:D007232,"Infant, Newborn, Diseases",606
MESH:D019190,Iron Overload,607
MESH:D007964,Leukocytosis,608
MESH:D017093,Liver Failure,609
MESH:D017114,"Liver Failure, Acute",610
MESH:D003865,Major Depressive Disorder,611
MESH:D008581,Meningitis,612
MESH:D009205,Myocarditis,613
MESH:D011488,Protein Deficiency,614
MESH:D011656,Pulmonary Emphysema,615
MESH:D012798,Sialorrhea,616
MESH:D012877,Skin Manifestations,617
MESH:D001744,Urinary Bladder Calculi,618
MESH:D014125,"Toxoplasmosis, Congenital",619
MESH:D014126,"Toxoplasmosis, Ocular",620
MESH:D015535,"Arthritis, Psoriatic",621
MESH:D010214,Papillon-Lefevre Disease,622
MESH:D014062,Tongue Neoplasms,623
MESH:D006029,Glycosuria,624
MESH:D002819,Chorea,625
MESH:D014947,Wounds and Injuries,626
MESH:D002056,Burns,627
MESH:D016470,Bacteremia,628
MESH:D005585,Influenza in Birds,629
MESH:D007710,Klebsiella Infections,630
MESH:D009503,Neutropenia,631
MESH:D014766,Viremia,632
MESH:D014901,West Nile Fever,633
MESH:D000163,Acquired Immunodeficiency Syndrome,634
MESH:D000386,AIDS-Related Complex,635
MESH:D017088,AIDS-Related Opportunistic Infections,636
MESH:D003586,Cytomegalovirus Infections,637
MESH:D020803,"Encephalitis, Herpes Simplex",638
MESH:D018792,"Encephalitis, Viral",639
MESH:D005155,Facial Nerve Diseases,640
MESH:D006558,Herpes Genitalis,641
MESH:D006566,Herpesviridae Infections,642
MESH:D006562,Herpes Zoster,643
MESH:D006563,Herpes Zoster Ophthalmicus,644
MESH:D016697,Herpes Zoster Oticus,645
MESH:D056784,Leukoencephalopathies,646
MESH:D008590,Meningoencephalitis,647
MESH:D015882,"Retinal Necrosis Syndrome, Acute",648
MESH:D007565,Jaundice,649
MESH:D008105,"Liver Cirrhosis, Biliary",650
MESH:D006099,Granuloma,651
MESH:D001282,Atrial Flutter,652
MESH:D006977,"Hypertension, Renal",653
MESH:D013617,"Tachycardia, Supraventricular",654
MESH:D018287,"Carcinoma, Large Cell",655
MESH:D004890,Erythema,656
MESH:D007642,Keratosis,657
MESH:D008575,Meniere Disease,658
MESH:D000857,Olfaction Disorders,659
MESH:D013611,"Tachycardia, Atrioventricular Nodal Reentry",660
MESH:D000379,Agoraphobia,661
MESH:D016584,Panic Disorder,662
MESH:D017486,Acneiform Eruptions,663
MESH:D056586,Acute Chest Syndrome,664
MESH:D000741,"Anemia, Aplastic",665
MESH:D000743,"Anemia, Hemolytic",666
MESH:D000749,"Anemia, Megaloblastic",667
MESH:D001100,Arachnoiditis,668
MESH:D001171,"Arthritis, Juvenile",669
MESH:D017043,Chalazion,670
MESH:D002761,Cholangitis,671
MESH:D002908,Chronic Disease,672
MESH:D015267,Churg-Strauss Syndrome,673
MESH:D003324,Coronary Artery Disease,674
MESH:D003873,"Dermatitis, Exfoliative",675
MESH:D012628,"Dermatitis, Seborrheic",676
MESH:D003882,Dermatomyositis,677
MESH:D004417,Dyspnea,678
MESH:D016603,Eosinophilia-Myalgia Syndrome,679
MESH:D005076,Exanthema,680
MESH:D005199,Fanconi Anemia,681
MESH:D013700,Giant Cell Arteritis,682
MESH:D005922,"Glomerulonephritis, IGA",683
MESH:D015433,"Glomerulonephritis, Membranous",684
MESH:D006073,Gout,685
MESH:D014890,Granulomatosis with Polyangiitis,686
MESH:D006463,Hemolytic-Uremic Syndrome,687
MESH:D006519,"Hepatitis, Alcoholic",688
MESH:D017681,Hypereosinophilic Syndrome,689
MESH:D006966,Hyperprolactinemia,690
MESH:D041781,"Jaundice, Obstructive",691
MESH:D007676,"Kidney Failure, Chronic",692
MESH:D007826,Laryngismus,693
MESH:D008179,"Lupus Erythematosus, Discoid",694
MESH:D008582,"Meningitis, Aseptic",695
MESH:D055953,Microscopic Polyangiitis,696
MESH:D009080,Mucocutaneous Lymph Node Syndrome,697
MESH:D009395,"Nephritis, Interstitial",698
MESH:D009404,Nephrotic Syndrome,699
MESH:D010493,Pericarditis,700
MESH:D010488,Polyarteritis Nodosa,701
MESH:D017285,Polymyositis,702
MESH:D011536,Prurigo,703
MESH:D016553,"Purpura, Thrombocytopenic, Idiopathic",704
MESH:D011697,"Purpura, Thrombotic Thrombocytopenic",705
MESH:D017511,Pyoderma Gangrenosum,706
MESH:D012019,Reflex Sympathetic Dystrophy,707
MESH:D012120,Respiration Disorders,708
MESH:D012140,Respiratory Tract Diseases,709
MESH:D031300,Retinal Vasculitis,710
MESH:D012393,Rosacea,711
MESH:D012851,"Sinus Thrombosis, Intracranial",712
MESH:D013203,Staphylococcal Infections,713
MESH:D013224,Status Asthmaticus,714
MESH:D016706,"Still's Disease, Adult-Onset",715
MESH:D014398,"Tuberculosis, Renal",716
MESH:D018366,"Vasculitis, Leukocytoclastic, Cutaneous",717
MESH:D016055,Urinary Retention,718
MESH:D002637,Chest Pain,719
MESH:D003480,Cushing Syndrome,720
MESH:D016757,"Death, Sudden, Cardiac",721
MESH:D005483,Flushing,722
MESH:D013575,Syncope,723
MESH:D016171,Torsades de Pointes,724
MESH:D006012,Glycogen Storage Disease Type V,725
MESH:D015212,Inflammatory Bowel Diseases,726
MESH:D013036,"Spasms, Infantile",727
MESH:D004831,"Epilepsies, Myoclonic",728
MESH:D058267,Flea Infestations,729
MESH:D010373,Lice Infestations,730
MESH:D008924,Mite Infestations,731
MESH:D013984,Tick Infestations,732
MESH:D006646,"Histiocytosis, Langerhans-Cell",733
MESH:D002276,Carcinoid Tumor,734
MESH:D012130,Respiratory Hypersensitivity,735
MESH:D009293,Opioid-Related Disorders,736
MESH:D056128,"Obesity, Abdominal",737
MESH:D001261,Pulmonary Atelectasis,738
MESH:D002051,Burkitt Lymphoma,739
MESH:D009133,Muscular Atrophy,740
MESH:D009181,Mycoses,741
MESH:D001196,Ascariasis,742
MESH:D016770,Ciliophora Infections,743
MESH:D003551,Cysticercosis,744
MESH:D004444,"Echinococcosis, Hepatic",745
MESH:D004605,"Elephantiasis, Filarial",746
MESH:D005393,Fish Diseases,747
MESH:D005873,Giardiasis,748
MESH:D006373,Helminthiasis,749
MESH:D006725,Hookworm Infections,750
MESH:D020019,Neurocysticercosis,751
MESH:D009916,Orbital Diseases,752
MESH:D010273,"Parasitic Diseases, Animal",753
MESH:D024801,Tauopathies,754
MESH:D014120,Toxocariasis,755
MESH:D011655,Pulmonary Embolism,756
MESH:D019698,"Hepatitis C, Chronic",757
MESH:D029481,"Bronchitis, Chronic",758
MESH:D005739,Gas Poisoning,759
MESH:D006947,Hyperkalemia,760
MESH:D008173,"Lung Diseases, Obstructive",761
MESH:D012135,Respiratory Sounds,762
MESH:D017824,"Bone Cysts, Aneurysmal",763
MESH:D052177,"Kidney Diseases, Cystic",764
MESH:D005207,Fasciculation,765
MESH:D001859,Bone Neoplasms,766
MESH:D005357,Fibrous Dysplasia of Bone,767
MESH:D018212,Giant Cell Tumor of Bone,768
MESH:D010024,Osteoporosis,769
MESH:D058866,Osteoporotic Fractures,770
MESH:D053098,Familial Hypophosphatemic Rickets,771
MESH:D006111,Graves Disease,772
MESH:D006996,Hypocalcemia,773
MESH:D007011,Hypoparathyroidism,774
MESH:C537156,Hypoparathyroidism familial isolated,775
MESH:D007431,Intraoperative Complications,776
MESH:D006938,Hyperlipoproteinemia Type II,777
MESH:D006953,Hyperlipoproteinemia Type IV,778
MESH:D011469,Prostatic Diseases,779
MESH:D053448,Prostatism,780
MESH:D011472,Prostatitis,781
MESH:D014570,Urologic Diseases,782
MESH:D004415,Dyspepsia,783
MESH:D006356,Heartburn,784
MESH:D014946,Wound Infection,785
MESH:D013616,"Tachycardia, Sinus",786
MESH:D059606,Polydipsia,787
MESH:D017492,"Keratosis, Seborrheic",788
MESH:D017499,Porokeratosis,789
MESH:D019048,Prostatic Intraepithelial Neoplasia,790
MESH:D010437,Peptic Ulcer,791
MESH:D007669,Kidney Calculi,792
MESH:D015464,"Leukemia, Myelogenous, Chronic, BCR-ABL Positive",793
MESH:D007960,Leukocyte Disorders,794
MESH:D017880,"Limb Deformities, Congenital",795
MESH:D013280,Stomatitis,796
MESH:D001836,Body Weight Changes,797
MESH:D006525,"Hepatitis, Viral, Human",798
MESH:D043183,Irritable Bowel Syndrome,799
MESH:D009134,"Muscular Atrophy, Spinal",800
MESH:D002537,Intracranial Arteriosclerosis,801
MESH:D010241,Parakeratosis,802
MESH:D014735,Vibrio Infections,803
MESH:C535393,Ataxia with vitamin E deficiency,804
MESH:D002279,"Carcinoma 256, Walker",805
MESH:D018450,Disease Progression,806
MESH:D004942,"Esophagitis, Peptic",807
MESH:D017496,Hypopigmentation,808
MESH:D008206,Lymphatic Diseases,809
MESH:D009139,Musculoskeletal Abnormalities,810
MESH:D010014,Osteolysis,811
MESH:D011561,Pseudoxanthoma Elasticum,812
MESH:D011832,Radiation Injuries,813
MESH:D012174,Retinitis Pigmentosa,814
MESH:D006327,Heart Block,815
MESH:D010698,Phobic Disorders,816
MESH:D007319,Sleep Initiation and Maintenance Disorders,817
MESH:D013313,"Stress Disorders, Post-Traumatic",818
MESH:D023921,Coronary Stenosis,819
MESH:D018783,"Impotence, Vasculogenic",820
MESH:D058729,Peripheral Arterial Disease,821
MESH:D018633,Pulmonary Atresia,822
MESH:D011928,Raynaud Disease,823
MESH:D017445,"Skin Diseases, Vascular",824
MESH:D012883,Skin Ulcer,825
MESH:D013771,Tetralogy of Fallot,826
MESH:D013919,Thromboangiitis Obliterans,827
MESH:D054559,Hyperphosphatemia,828
MESH:D003108,Colonic Diseases,829
MESH:D004239,"Diverticulitis, Colonic",830
MESH:D003248,Constipation,831
MESH:D045823,Ileus,832
MESH:D058426,Neointima,833
MESH:D001321,Autistic Disorder,834
MESH:D002389,Catatonia,835
MESH:D003693,Delirium,836
MESH:D003704,Dementia,837
MESH:D005221,Fatigue,838
MESH:D005715,Gambling,839
MESH:D006506,Hepatitis A,840
MESH:D020018,"Sexual Dysfunctions, Psychological",841
MESH:D009157,Myasthenia Gravis,842
MESH:D001991,Bronchitis,843
MESH:D016905,Gram-Negative Bacterial Infections,844
MESH:D014552,Urinary Tract Infections,845
MESH:D007024,"Hypotension, Orthostatic",846
MESH:D000754,"Anemia, Refractory, with Excess of Blasts",847
MESH:D000756,"Anemia, Sideroblastic",848
MESH:D004941,Esophagitis,849
MESH:D006504,Hepatic Veno-Occlusive Disease,850
MESH:D015477,"Leukemia, Myelomonocytic, Chronic",851
MESH:D052016,Mucositis,852
MESH:D010292,Paresthesia,853
MESH:D014987,Xerostomia,854
MESH:D000380,Agranulocytosis,855
MESH:D001170,"Arthritis, Infectious",856
MESH:D001437,Bacteriuria,857
MESH:D001996,Bronchopneumonia,858
MESH:D004696,Endocarditis,859
MESH:D004697,"Endocarditis, Bacterial",860
MESH:D009877,Endophthalmitis,861
MESH:D004927,Escherichia coli Infections,862
MESH:D006316,"Hearing Loss, High-Frequency",863
MESH:D046088,"Hearing Loss, Unilateral",864
MESH:D006945,Hyperhidrosis,865
MESH:D016920,"Meningitis, Bacterial",866
MESH:D008584,"Meningitis, Listeria",867
MESH:D016870,Neisseriaceae Infections,868
MESH:D000292,Pelvic Inflammatory Disease,869
MESH:D011552,Pseudomonas Infections,870
MESH:D013207,Staphylococcal Skin Infections,871
MESH:D013290,Streptococcal Infections,872
MESH:D002295,"Carcinoma, Transitional Cell",873
MESH:D003919,Diabetes Insipidus,874
MESH:D018500,"Diabetes Insipidus, Nephrogenic",875
MESH:D006130,Growth Disorders,876
MESH:D007008,Hypokalemia,877
MESH:C537152,"Hypomagnesemia 2, renal",878
MESH:D056929,Liddle Syndrome,879
MESH:D006987,Hypesthesia,880
MESH:D006988,Hyphema,881
MESH:D008595,Menorrhagia,882
MESH:D013345,Subarachnoid Hemorrhage,883
MESH:D018268,Adrenocortical Carcinoma,884
MESH:D001660,Biliary Tract Diseases,885
MESH:D055623,"Keratosis, Actinic",886
MESH:D009182,Mycosis Fungoides,887
MESH:D000267,Tissue Adhesions,888
MESH:D056650,Vulvodynia,889
MESH:D014860,Warts,890
MESH:D020567,Fetal Weight,891
MESH:D015861,Retinal Neovascularization,892
MESH:D000686,Amyloidosis,893
MESH:D054537,Atrioventricular Block,894
MESH:D019559,Capillary Leak Syndrome,895
MESH:D002493,Central Nervous System Diseases,896
MESH:D055191,Delayed Emergence from Anesthesia,897
MESH:D004244,Dizziness,898
MESH:D006323,Heart Arrest,899
MESH:D046628,Sphincter of Oddi Dysfunction,900
MESH:D018088,"Tuberculosis, Multidrug-Resistant",901
MESH:D014397,"Tuberculosis, Pulmonary",902
MESH:D001327,Autoimmune Diseases,903
MESH:D002311,"Cardiomyopathy, Dilated",904
MESH:C535581,Cardiomyopathy dilated with woolly hair and keratoderma,905
MESH:D002341,Carotid Artery Thrombosis,906
MESH:D005315,Fetal Diseases,907
MESH:D006980,Hyperthyroidism,908
MESH:D011249,"Pregnancy Complications, Cardiovascular",909
MESH:C566506,Short QT Syndrome 1,910
MESH:D012804,Sick Sinus Syndrome,911
MESH:D013613,"Tachycardia, Ectopic Junctional",912
MESH:D054139,"Tachycardia, Reciprocating",913
MESH:D013971,Thyrotoxicosis,914
MESH:D014927,Wolff-Parkinson-White Syndrome,915
MESH:D016778,"Malaria, Falciparum",916
MESH:D011604,"Psychoses, Alcoholic",917
MESH:D012563,"Schizophrenia, Paranoid",918
MESH:D000341,"Affective Disorders, Psychotic",919
MESH:D002385,Cataplexy,920
MESH:D004775,Enuresis,921
MESH:D015877,Miosis,922
MESH:D019964,Mood Disorders,923
MESH:D011843,Radiculopathy,924
MESH:D018781,Tension-Type Headache,925
MESH:C537095,Brachydactyly with hypertension,926
MESH:D003327,Coronary Disease,927
MESH:D023903,Coronary Restenosis,928
MESH:D006978,"Hypertension, Renovascular",929
MESH:D014550,"Urinary Incontinence, Stress",930
MESH:D001791,Blood Platelet Disorders,931
MESH:D000405,Akinetic Mutism,932
MESH:D008288,Malaria,933
OMIM:248310,PLASMODIUM FALCIPARUM BLOOD INFECTION LEVEL,934
MESH:D060585,Fusariosis,935
MESH:D018784,Abdominal Abscess,936
MESH:D001987,Bronchiectasis,937
MESH:D017714,Community-Acquired Infections,938
MESH:D005756,Gastritis,939
MESH:D006192,Haemophilus Infections,940
MESH:D016481,Helicobacter Infections,941
MESH:D010033,Otitis Media,942
MESH:D010518,Periodontitis,943
MESH:D011008,Pneumococcal Infections,944
MESH:D018410,"Pneumonia, Bacterial",945
MESH:D011018,"Pneumonia, Pneumococcal",946
MESH:D004238,Diverticulitis,947
MESH:D045828,Moraxellaceae Infections,948
MESH:D010612,Pharyngitis,949
MESH:D014526,Urethritis,950
MESH:D002653,Child Behavior Disorders,951
MESH:D001228,Aspergillosis,952
MESH:D001759,Blastomycosis,953
MESH:D058387,Candidemia,954
MESH:D002181,"Candidiasis, Vulvovaginal",955
MESH:D002494,Central Nervous System Infections,956
MESH:D002862,Chromoblastomycosis,957
MESH:D003047,Coccidioidomycosis,958
MESH:D003048,Coccidiosis,959
MESH:D003316,Corneal Diseases,960
MESH:D003453,Cryptococcosis,961
MESH:D003881,Dermatomycoses,962
MESH:D005335,Fever of Unknown Origin,963
MESH:D016469,Fungemia,964
MESH:D006660,Histoplasmosis,965
MESH:D007762,Labyrinthitis,966
MESH:D007897,"Leishmaniasis, Mucocutaneous",967
MESH:D008172,"Lung Diseases, Fungal",968
MESH:D016919,"Meningitis, Cryptococcal",969
MESH:D016921,"Meningitis, Fungal",970
MESH:D009091,Mucormycosis,971
MESH:D059249,Otomycosis,972
MESH:D017096,Prion Diseases,973
MESH:D055732,Pulmonary Aspergillosis,974
MESH:C536777,Systemic candidiasis,975
MESH:D020096,Zygomycosis,976
MESH:D058365,"Candidiasis, Invasive",977
MESH:D000038,Abscess,978
MESH:D004405,"Dysentery, Bacillary",979
MESH:D004698,"Endocarditis, Subacute Bacterial",980
MESH:D004751,Enteritis,981
MESH:D008583,"Meningitis, Haemophilus",982
MESH:D011512,Proteus Infections,983
MESH:D012480,Salmonella Infections,984
MESH:D002303,"Cardiac Output, Low",985
MESH:D012770,"Shock, Cardiogenic",986
MESH:D018497,"Ventricular Dysfunction, Right",987
MESH:D015456,"Leukemia, Biphenotypic, Acute",988
MESH:D013920,"Thrombocythemia, Essential",989
MESH:D013922,Thrombocytosis,990
MESH:D009120,Muscle Cramp,991
MESH:C536961,Familial Testotoxicosis,992
MESH:D009364,"Neoplasm Recurrence, Local",993
MESH:D017119,Porphyria Cutanea Tarda,994
MESH:D000083242,Ischemic Stroke,995
MESH:D011317,Priapism,996
MESH:D000075322,Heavy Metal Poisoning,997
MESH:D013585,Synovitis,998
MESH:D008109,"Liver Diseases, Parasitic",999
MESH:D012859,Sjogren's Syndrome,1000
MESH:D014985,Xerophthalmia,1001
MESH:D000784,Aortic Dissection,1002
MESH:D016063,"Blood Loss, Surgical",1003
MESH:D003323,Coronary Aneurysm,1004
MESH:D006974,"Hypertension, Malignant",1005
MESH:D066087,Perinatal Death,1006
MESH:D003085,Colic,1007
MESH:D004461,Eclampsia,1008
MESH:D009889,Opisthorchiasis,1009
MESH:D011020,"Pneumonia, Pneumocystis",1010
MESH:D018270,"Carcinoma, Ductal, Breast",1011
MESH:D009396,Wilms Tumor,1012
MESH:D002418,Cattle Diseases,1013
MESH:D015299,Discitis,1014
MESH:D004716,Endometritis,1015
MESH:D020802,Epidural Abscess,1016
MESH:D011023,"Pneumonia, Staphylococcal",1017
MESH:D011645,Puerperal Infection,1018
MESH:D052880,Pyomyositis,1019
MESH:D002115,Calciphylaxis,1020
MESH:D007238,Infarction,1021
MESH:D013924,Thrombophlebitis,1022
MESH:D017029,"Epilepsy, Complex Partial",1023
MESH:D011251,"Pregnancy Complications, Infectious",1024
MESH:D020343,Hypertensive Encephalopathy,1025
MESH:D001477,Bartter Syndrome,1026
MESH:D052256,Tendinopathy,1027
MESH:D020275,Guillain-Barre Syndrome,1028
MESH:D012594,"Scleroderma, Localized",1029
MESH:D012213,Rheumatic Fever,1030
MESH:D003680,Deglutition Disorders,1031
MESH:D014352,Trypanosomiasis,1032
MESH:D013163,Splenomegaly,1033
MESH:D014252,Trichostrongyloidiasis,1034
MESH:D008577,Meningeal Neoplasms,1035
MESH:D020149,Manganese Poisoning,1036
MESH:D001478,Basal Cell Nevus Syndrome,1037
MESH:D011605,"Psychoses, Substance-Induced",1038
MESH:D001906,Botulism,1039
MESH:D012216,Rheumatic Diseases,1040
MESH:D004426,"Ear Deformities, Acquired",1041
MESH:D000257,Adenoviridae Infections,1042
MESH:D008064,Lipidoses,1043
MESH:D065631,"Rhinitis, Allergic",1044
MESH:D012598,Sclerosis,1045
MESH:D017719,Diabetic Foot,1046
MESH:D018702,Filoviridae Infections,1047
MESH:D019142,"Hemorrhagic Fever, Ebola",1048
MESH:D015875,Anisocoria,1049
MESH:D005141,Eyelid Diseases,1050
MESH:D005902,"Glaucoma, Open-Angle",1051
MESH:D020083,Acquired Hyperostosis Syndrome,1052
MESH:D000014,"Abnormalities, Drug-Induced",1053
MESH:D014594,Uterine Neoplasms,1054
MESH:D002280,Basal Cell Carcinoma,1055
MESH:D020370,"Osteoarthritis, Knee",1056
MESH:D019851,Thrombophilia,1057
MESH:D020817,Asperger Syndrome,1058
MESH:D002659,"Child Development Disorders, Pervasive",1059
MESH:D005687,Galactorrhea,1060
MESH:D008607,Intellectual Disability,1061
MESH:D008599,Menstruation Disturbances,1062
MESH:D009771,Obsessive-Compulsive Disorder,1063
MESH:D013981,Tic Disorders,1064
MESH:D005879,Tourette Syndrome,1065
MESH:D020261,Arsenic Poisoning,1066
MESH:D011629,"Puberty, Precocious",1067
MESH:C535650,Gastro-enteropancreatic neuroendocrine tumor,1068
MESH:D000562,Amebiasis,1069
MESH:D008232,Lymphoproliferative Disorders,1070
MESH:D013587,Syphilis,1071
MESH:D008181,Lupus Nephritis,1072
MESH:D001752,Blast Crisis,1073
MESH:D002291,"Carcinoma, Papillary",1074
MESH:D018288,"Carcinoma, Small Cell",1075
MESH:D005354,Fibrosarcoma,1076
MESH:D005706,Gallbladder Neoplasms,1077
MESH:D015490,HTLV-I Infections,1078
MESH:D054990,Idiopathic Pulmonary Fibrosis,1079
MESH:D015458,"Leukemia, T-Cell",1080
MESH:D016410,"Lymphoma, T-Cell, Cutaneous",1081
MESH:D000086002,"Mesothelioma, Malignant",1082
MESH:D009190,Myelodysplastic Syndromes,1083
MESH:D000077274,Nasopharyngeal Carcinoma,1084
MESH:D012512,"Sarcoma, Ewing",1085
MESH:D000098943,Uveal Melanoma,1086
MESH:D016780,"Malaria, Vivax",1087
MESH:D018177,Flavivirus Infections,1088
MESH:D007592,Joint Diseases,1089
MESH:D018512,Parasitemia,1090
MESH:D018798,"Anemia, Iron-Deficiency",1091
MESH:D001206,Ascorbic Acid Deficiency,1092
MESH:D001766,Blindness,1093
MESH:D002607,Charcot-Marie-Tooth Disease,1094
MESH:D003139,Common Cold,1095
MESH:D020918,Complex Regional Pain Syndromes,1096
MESH:D064806,Dysbiosis,1097
MESH:D044882,Glucose Metabolism Disorders,1098
MESH:D006548,"Hernia, Diaphragmatic",1099
MESH:D007037,Hypothyroidism,1100
OMIM:146850,IMMUNE SUPPRESSION,1101
MESH:D007153,Immunologic Deficiency Syndromes,1102
MESH:D020264,"Lead Poisoning, Nervous System, Childhood",1103
MESH:D008548,Melanosis,1104
MESH:D020763,"Pathological Conditions, Anatomical",1105
MESH:D016491,Peripheral Vascular Diseases,1106
MESH:D011085,Polycystic Ovary Syndrome,1107
MESH:D011297,Prenatal Exposure Delayed Effects,1108
MESH:D011628,"Puberty, Delayed",1109
MESH:D012614,Scurvy,1110
MESH:D012868,Skin Abnormalities,1111
MESH:D003731,Dental Caries,1112
MESH:D000080983,Bone Marrow Failure Disorders,1113
MESH:D054058,Acute Coronary Syndrome,1114
MESH:D020757,Amaurosis Fugax,1115
MESH:D016736,Antiphospholipid Syndrome,1116
MESH:D001928,"Brain Diseases, Metabolic",1117
MESH:D001932,Brain Neoplasms,1118
MESH:D002561,Cerebrovascular Disorders,1119
MESH:D002644,Chickenpox,1120
MESH:D003328,Coronary Thrombosis,1121
MESH:D004916,Erythromelalgia,1122
MESH:D005368,Filariasis,1123
MESH:D005759,Gastroenteritis,1124
MESH:D012001,Hyperacusis,1125
MESH:D046110,"Hypertension, Pregnancy-Induced",1126
MESH:D007405,Intervertebral Disc Displacement,1127
MESH:D002532,Intracranial Aneurysm,1128
MESH:D020300,Intracranial Hemorrhages,1129
MESH:D014854,Lateral Medullary Syndrome,1130
MESH:D034721,"Mastocytosis, Systemic",1131
MESH:D020325,Migraine with Aura,1132
MESH:D009072,Moyamoya Disease,1133
MESH:D009668,Nose Diseases,1134
MESH:D020795,Photophobia,1135
MESH:D011248,Pregnancy Complications,1136
MESH:D013736,Testicular Neoplasms,1137
MESH:D057049,Thrombotic Microangiopathies,1138
MESH:D014652,Vascular Diseases,1139
MESH:D014717,Vertigo,1140
MESH:D013158,Splenic Diseases,1141
MESH:D005499,Folliculitis,1142
MESH:D017513,Lichen Nitidus,1143
MESH:D009759,"Nystagmus, Pathologic",1144
MESH:D012221,"Rhinitis, Allergic, Perennial",1145
MESH:D006255,"Rhinitis, Allergic, Seasonal",1146
MESH:D004678,Encephalomalacia,1147
MESH:D006679,HIV Seropositivity,1148
MESH:D008382,Marfan Syndrome,1149
MESH:D018382,Thyroid Hormone Resistance Syndrome,1150
MESH:D002658,Developmental Disabilities,1151
MESH:D017544,"Aortic Aneurysm, Abdominal",1152
MESH:D005271,Femur Head Necrosis,1153
MESH:D006951,Hyperlipoproteinemias,1154
MESH:D007009,Hypolipoproteinemias,1155
MESH:D014517,Ureteral Obstruction,1156
MESH:D016720,Pneumocystis Infections,1157
MESH:D001146,"Arrhythmia, Sinus",1158
MESH:C563984,Atrial Standstill,1159
MESH:D001982,Bronchial Diseases,1160
MESH:D003457,Cryptosporidiosis,1161
MESH:D007040,Hypoventilation,1162
MESH:D009140,Musculoskeletal Diseases,1163
MESH:D009216,Myopia,1164
MESH:D010167,Pallor,1165
MESH:D054138,"Sinus Arrest, Cardiac",1166
MESH:D014607,Uveomeningoencephalitic Syndrome,1167
MESH:D014786,Vision Disorders,1168
MESH:D054429,"Leukemia, Myelomonocytic, Juvenile",1169
MESH:D009006,Monosomy,1170
MESH:D012912,Sneezing,1171
MESH:D056648,Anti-Neutrophil Cytoplasmic Antibody-Associated Vasculitis,1172
MESH:D001528,Behcet Syndrome,1173
MESH:D002446,Celiac Disease,1174
MESH:D004108,"Dilatation, Pathologic",1175
MESH:D010505,Familial Mediterranean Fever,1176
MESH:D019693,"Hepatitis, Autoimmune",1177
MESH:D006521,"Hepatitis, Chronic",1178
MESH:D007154,Immune System Diseases,1179
MESH:D020386,Isaacs Syndrome,1180
MESH:D008286,Malabsorption Syndromes,1181
MESH:D020529,"Multiple Sclerosis, Relapsing-Remitting",1182
MESH:C535761,"Nephrosis, congenital",1183
MESH:D015435,"Panniculitis, Lupus Erythematosus",1184
MESH:D010391,"Pemphigoid, Bullous",1185
MESH:D010392,Pemphigus,1186
MESH:D016506,"Pemphigus, Benign Familial",1187
MESH:D011350,Proctocolitis,1188
MESH:D019557,"Dermatitis, Perioral",1189
MESH:D018327,Hutchinson's Melanotic Freckle,1190
MESH:D002690,Chlamydia Infections,1191
MESH:D015787,Erythema Chronicum Migrans,1192
MESH:D005929,"Glossitis, Benign Migratory",1193
MESH:D006069,Gonorrhea,1194
MESH:D007169,Impetigo,1195
MESH:D009164,Mycobacterium Infections,1196
MESH:D014437,"Typhus, Endemic Flea-Borne",1197
MESH:D007239,Infections,1198
MESH:D016868,Serratia Infections,1199
MESH:D007941,Leukemia P388,1200
MESH:D002481,Cellulitis,1201
MESH:D005667,Furunculosis,1202
MESH:D002547,Cerebral Palsy,1203
MESH:D003655,Decerebrate State,1204
MESH:D005534,Foot Diseases,1205
MESH:D006429,Hemiplegia,1206
MESH:D006556,Heroin Dependence,1207
MESH:D006606,Hiccup,1208
MESH:D016472,Motor Neuron Disease,1209
MESH:D020528,"Multiple Sclerosis, Chronic Progressive",1210
MESH:D009122,Muscle Hypertonia,1211
MESH:D009123,Muscle Hypotonia,1212
MESH:D020879,Neuromuscular Manifestations,1213
MESH:D010291,Paresis,1214
MESH:D011782,Quadriplegia,1215
MESH:D016750,Stiff-Person Syndrome,1216
MESH:D013742,Tetanus,1217
MESH:D014277,Trigeminal Neuralgia,1218
MESH:D014474,Unconsciousness,1219
MESH:D001750,"Urinary Bladder, Neurogenic",1220
MESH:D016523,Foot Ulcer,1221
MESH:D015175,Prolactinoma,1222
MESH:D045169,Severe Acute Respiratory Syndrome,1223
MESH:D004828,"Epilepsies, Partial",1224
MESH:D010911,Pituitary Neoplasms,1225
MESH:D006734,Horse Diseases,1226
MESH:D007241,Infectious Bovine Rhinotracheitis,1227
MESH:D019282,Wasting Syndrome,1228
MESH:D020181,"Sleep Apnea, Obstructive",1229
MESH:D007119,Immunoblastic Lymphadenopathy,1230
MESH:D017728,"Lymphoma, Large-Cell, Anaplastic",1231
MESH:C563515,"Neutrophil Chemotactic Response, Abnormal",1232
MESH:D008231,Lymphopenia,1233
MESH:D016411,"Lymphoma, T-Cell, Peripheral",1234
MESH:D056151,Airway Remodeling,1235
MESH:D010534,Peritoneal Neoplasms,1236
MESH:D057772,Vascular System Injuries,1237
MESH:D012170,Retinal Vein Occlusion,1238
MESH:D006929,Hyperaldosteronism,1239
MESH:D008538,Meige Syndrome,1240
MESH:D012148,Restless Legs Syndrome,1241
MESH:D014855,Wallerian Degeneration,1242
MESH:D020324,"Amnesia, Anterograde",1243
MESH:D016301,Alveolar Bone Loss,1244
MESH:D014689,Venous Insufficiency,1245
MESH:D014069,Tonsillitis,1246
MESH:D008551,Melena,1247
MESH:D020158,"Hyperglycinemia, Nonketotic",1248
MESH:D019973,Alcohol-Related Disorders,1249
MESH:D011293,Premenstrual Syndrome,1250
MESH:D004769,Enterovirus Infections,1251
MESH:D020165,Carbamoyl-Phosphate Synthase I Deficiency Disease,1252
MESH:D003668,Pressure Ulcer,1253
MESH:D055154,Dysphonia,1254
MESH:D020821,Dystonic Disorders,1255
MESH:D007818,Laryngeal Diseases,1256
MESH:D015835,Ocular Motility Disorders,1257
MESH:D010608,Pharyngeal Diseases,1258
MESH:D014103,Torticollis,1259
MESH:D014313,Trismus,1260
MESH:D012532,Scabies,1261
MESH:C564777,Male Germ Cell Tumor,1262
MESH:D009373,"Neoplasms, Germ Cell and Embryonal",1263
MESH:D012186,Retroperitoneal Neoplasms,1264
MESH:D018243,Teratocarcinoma,1265
MESH:C563236,Testicular Germ Cell Tumor,1266
MESH:D007383,Intermittent Claudication,1267
MESH:D020426,Sciatic Neuropathy,1268
MESH:D013118,Spinal Cord Diseases,1269
MESH:D016649,Primary Ovarian Insufficiency,1270
MESH:D053627,Asthenozoospermia,1271
MESH:D007680,Kidney Neoplasms,1272
MESH:D001724,Birth Weight,1273
MESH:D052439,Lipid Metabolism Disorders,1274
MESH:D008661,"Metabolism, Inborn Errors",1275
MESH:D018301,"Neoplasms, Mesothelial",1276
MESH:D001997,Bronchopulmonary Dysplasia,1277
MESH:D005142,Eyelid Neoplasms,1278
MESH:D005621,Friedreich Ataxia,1279
MESH:D006391,Hemangioma,1280
MESH:D007969,"Leukomalacia, Periventricular",1281
MESH:D012127,"Respiratory Distress Syndrome, Newborn",1282
MESH:D013991,Tietze's Syndrome,1283
MESH:D005148,Facial Dermatoses,1284
MESH:D009902,Optic Neuritis,1285
MESH:D015814,Ocular Hypotension,1286
MESH:D005401,Fissure in Ano,1287
MESH:D012735,"Sexual Dysfunction, Physiological",1288
MESH:D003923,"Diabetes Mellitus, Lipoatrophic",1289
MESH:D039682,HIV-Associated Lipodystrophy Syndrome,1290
MESH:D006950,"Hyperlipidemia, Familial Combined",1291
MESH:D006954,Hyperlipoproteinemia Type V,1292
MESH:D052456,Hypoalphalipoproteinemias,1293
MESH:D016111,Sjogren-Larsson Syndrome,1294
MESH:C536353,VLCAD deficiency,1295
MESH:D000140,"Acidosis, Lactic",1296
MESH:D000141,"Acidosis, Renal Tubular",1297
MESH:D014605,Uveitis,1298
MESH:C537658,"Basal ganglia disease, biotin-responsive",1299
MESH:D004401,Dysarthria,1300
MESH:D053609,Lethargy,1301
MESH:D005757,"Gastritis, Atrophic",1302
MESH:D008679,Metaplasia,1303
MESH:D054972,Postural Orthostatic Tachycardia Syndrome,1304
MESH:D000138,Acidosis,1305
MESH:D020212,Carotid Artery Injuries,1306
MESH:D018236,"Carcinoma, Embryonal",1307
MESH:D004407,Dysgerminoma,1308
MESH:D007822,Laryngeal Neoplasms,1309
MESH:C537844,Nonseminomatous germ cell tumor,1310
MESH:D012514,"Sarcoma, Kaposi",1311
MESH:D018262,"Adenocarcinoma, Clear Cell",1312
MESH:D002288,"Adenocarcinoma, Mucinous",1313
MESH:D056487,"Chemical and Drug Induced Liver Injury, Chronic",1314
MESH:D014604,Uveal Neoplasms,1315
MESH:D012874,"Skin Diseases, Infectious",1316
MESH:D013530,Surgical Wound Infection,1317
MESH:D000096142,Cutaneous Malignant Melanoma,1318
MESH:D002817,Chordoma,1319
MESH:D007952,"Leukemia, Plasma Cell",1320
MESH:D015461,"Leukemia, Prolymphocytic, T-Cell",1321
MESH:D008218,Lymphocytosis,1322
MESH:D054685,"Lymphoma, Primary Effusion",1323
MESH:D010954,Plasmacytoma,1324
MESH:D018232,"Rhabdomyosarcoma, Alveolar",1325
MESH:D018233,"Rhabdomyosarcoma, Embryonal",1326
MESH:D008258,Waldenstrom Macroglobulinemia,1327
MESH:D020301,"Vasospasm, Intracranial",1328
MESH:D055964,Alien Limb Phenomenon,1329
MESH:D002012,Bruxism,1330
MESH:D015154,Esophageal Motility Disorders,1331
MESH:D019569,Hemifacial Spasm,1332
MESH:D001764,Blepharospasm,1333
MESH:D005402,Fistula,1334
MESH:D020234,Gait Ataxia,1335
MESH:D049970,Graves Ophthalmopathy,1336
MESH:D013285,Strabismus,1337
MESH:D053202,"Urinary Incontinence, Urge",1338
MESH:D016534,"Cardiac Output, High",1339
MESH:D005130,Eye Hemorrhage,1340
MESH:D009901,Optic Nerve Diseases,1341
MESH:D000172,Acromegaly,1342
MESH:D000568,Amenorrhea,1343
MESH:D001941,Breast Diseases,1344
MESH:D049912,Growth Hormone-Secreting Pituitary Adenoma,1345
MESH:D006177,Gynecomastia,1346
MESH:D006423,Hemianopsia,1347
MESH:D007006,Hypogonadism,1348
MESH:D007018,Hypopituitarism,1349
MESH:D007775,Lactation Disorders,1350
MESH:C537072,Nonpuerperal galactorrhea,1351
MESH:D009839,Oligomenorrhea,1352
MESH:D011644,Puerperal Disorders,1353
MESH:D020186,Sleep Bruxism,1354
MESH:D019967,Schizophrenia Spectrum and Other Psychotic Disorders,1355
MESH:D015508,Nasal Obstruction,1356
MESH:D036981,"Fasciitis, Plantar",1357
MESH:D010148,Intractable Pain,1358
MESH:D048949,Labor Pain,1359
MESH:D009209,Myofascial Pain Syndromes,1360
MESH:D051474,"Neuralgia, Postherpetic",1361
MESH:D011602,Psychophysiologic Disorders,1362
MESH:D019263,Dysthymic Disorder,1363
MESH:D010842,Pica,1364
OMIM:188890,"TOBACCO ADDICTION, SUSCEPTIBILITY TO",1365
MESH:D007246,Infertility,1366
MESH:D006212,Hallucinations,1367
MESH:D019337,Hematologic Neoplasms,1368
MESH:D054438,"Leukemia, Myeloid, Chronic, Atypical, BCR-ABL Negative",1369
MESH:D003790,Dental Pulp Necrosis,1370
MESH:D053040,Nephrolithiasis,1371
MESH:D010009,Osteochondrodysplasias,1372
MESH:D018923,Persian Gulf Syndrome,1373
MESH:D051302,Paroxysmal Hemicrania,1374
MESH:D047748,Pituitary ACTH Hypersecretion,1375
MESH:D012481,"Salmonella Infections, Animal",1376
MESH:D020925,"Hypoxia-Ischemia, Brain",1377
MESH:D002105,Cadmium Poisoning,1378
MESH:D051299,Post-Dural Puncture Headache,1379
MESH:D012892,Sleep Deprivation,1380
MESH:D019547,Neck Pain,1381
MESH:D010018,Osteomalacia,1382
MESH:D001849,"Bone Diseases, Endocrine",1383
MESH:D002128,Calcium Metabolism Disorders,1384
MESH:D003922,"Diabetes Mellitus, Type 1",1385
MESH:D006961,Hyperparathyroidism,1386
MESH:D010760,Phosphorus Metabolism Disorders,1387
MESH:D011547,Pseudohypoparathyroidism,1388
MESH:D013959,Thyroid Diseases,1389
MESH:D014808,Vitamin D Deficiency,1390
MESH:D009397,Nephrocalcinosis,1391
MESH:D009408,Nerve Compression Syndromes,1392
MESH:D011128,Polyradiculopathy,1393
MESH:D011671,Pulpitis,1394
MESH:D014883,Water-Electrolyte Imbalance,1395
MESH:D010319,Parturient Paresis,1396
MESH:D012133,Respiratory Paralysis,1397
MESH:D013746,Tetany,1398
MESH:D014806,Vitamin B 12 Deficiency,1399
MESH:D064419,Chemically-Induced Disorders,1400
MESH:D014009,Onychomycosis,1401
MESH:D007968,"Leukoencephalopathy, Progressive Multifocal",1402
MESH:D006975,"Hypertension, Portal",1403
MESH:D019226,Oral Ulcer,1404
MESH:D058225,"Plaque, Amyloid",1405
MESH:D000071057,Tardive Dyskinesia,1406
MESH:D016180,Lentivirus Infections,1407
MESH:D001063,Appendiceal Neoplasms,1408
MESH:D001661,Biliary Tract Neoplasms,1409
MESH:D009382,"Neoplasms, Unknown Primary",1410
MESH:D012004,Rectal Neoplasms,1411
MESH:D008659,Metabolic Diseases,1412
MESH:D053158,Nocturia,1413
MESH:D012678,Sensation Disorders,1414
MESH:D004489,"Edema, Cardiac",1415
MESH:D001022,Aortic Valve Insufficiency,1416
MESH:D000208,Acute Disease,1417
MESH:D001925,"Brain Damage, Chronic",1418
MESH:D020790,"Diabetes Insipidus, Neurogenic",1419
MESH:D004829,"Epilepsy, Generalized",1420
MESH:D019305,"Epilepsy, Rolandic",1421
MESH:D005156,Facial Neuralgia,1422
MESH:D009223,Myotonic Dystrophy,1423
MESH:D009421,Nervous System Malformations,1424
MESH:C563475,Paroxysmal Extreme Pain Disorder,1425
MESH:D003294,"Seizures, Febrile",1426
MESH:D010032,Otitis Externa,1427
MESH:D011704,Pyelonephritis,1428
MESH:D012002,Rectal Diseases,1429
MESH:D000550,Amblyopia,1430
MESH:C538007,"Dystonia, Dopa-responsive",1431
MESH:D020189,Nocturnal Myoclonus Syndrome,1432
MESH:D020754,Spinocerebellar Ataxias,1433
MESH:D016857,Hypocapnia,1434
MESH:D018589,Gastroparesis,1435
MESH:D002283,"Carcinoma, Bronchogenic",1436
MESH:D018269,"Carcinoma, Endometrioid",1437
MESH:D015266,"Carcinoma, Merkel Cell",1438
MESH:D000077216,"Carcinoma, Ovarian Epithelial",1439
MESH:C535944,"Desmoid disease, hereditary",1440
MESH:D017599,Neuroectodermal Tumors,1441
MESH:D015173,Supratentorial Neoplasms,1442
MESH:D014571,Urologic Neoplasms,1443
MESH:D010411,Penile Induration,1444
MESH:C536330,Polycystic liver disease,1445
MESH:C537296,Granulosa cell tumor of the ovary,1446
MESH:D001254,Astrocytoma,1447
MESH:D016543,Central Nervous System Neoplasms,1448
MESH:D004806,Ependymoma,1449
MESH:D007939,Leukemia L1210,1450
MESH:D009442,Neurilemmoma,1451
MESH:D009837,Oligodendroglioma,1452
MESH:D005198,Fanconi Syndrome,1453
MESH:D017240,Mitochondrial Myopathies,1454
MESH:D012202,Reye Syndrome,1455
MESH:C535682,Right ventricle hypoplasia,1456
MESH:D030361,Papillomavirus Infections,1457
MESH:D054318,No-Reflow Phenomenon,1458
MESH:D012206,Rhabdomyolysis,1459
MESH:D055744,Invasive Pulmonary Aspergillosis,1460
MESH:D011855,Radiodermatitis,1461
MESH:D020138,Hyperhomocysteinemia,1462
MESH:C565730,"Diabetes Mellitus, Congenital Autoimmune",1463
MESH:D011001,Pleuropneumonia,1464
MESH:D012488,Salpingitis,1465
MESH:D001442,Bacteroides Infections,1466
MESH:D005831,"Genital Diseases, Female",1467
MESH:D010019,Osteomyelitis,1468
MESH:D001885,Bordetella Infections,1469
MESH:D014917,Whooping Cough,1470
MESH:D003428,Cross Infection,1471
MESH:D008586,"Meningitis, Pneumococcal",1472
MESH:D001899,Borrelia Infections,1473
MESH:D020806,Central Nervous System Bacterial Infections,1474
MESH:D058565,Cerebral Ventriculitis,1475
MESH:D008100,Liver Abscess,1476
MESH:D008193,Lyme Disease,1477
MESH:D020852,Lyme Neuroborreliosis,1478
MESH:D008585,"Meningitis, Meningococcal",1479
MESH:D051346,Mobility Limitation,1480
MESH:D009617,Nocardia Infections,1481
MESH:D010031,Otitis,1482
MESH:D003123,"Colorectal Neoplasms, Hereditary Nonpolyposis",1483
MESH:D004715,Endometriosis,1484
MESH:D005356,Fibromyalgia,1485
MESH:D044483,Intestinal Polyposis,1486
MESH:D007972,"Leukoplakia, Oral",1487
MESH:D010304,Paronychia,1488
MESH:C562730,Adenocarcinoma Of Esophagus,1489
MESH:D000077277,Esophageal Squamous Cell Carcinoma,1490
MESH:D007012,Hypopharyngeal Neoplasms,1491
MESH:D008444,Maxillary Sinus Neoplasms,1492
MESH:D042882,Gallstones,1493
MESH:D009357,Neonatal Abstinence Syndrome,1494
MESH:D001922,Brain Abscess,1495
MESH:D014435,Typhoid Fever,1496
MESH:D014005,Tinea,1497
MESH:D000430,Alcohol Withdrawal Delirium,1498
MESH:D015823,Acanthamoeba Keratitis,1499
MESH:D003773,Dental Plaque,1500
MESH:D005891,Gingivitis,1501
MESH:D060605,Hyalohyphomycosis,1502
MESH:D017001,Tooth Demineralization,1503
MESH:D012400,Rotavirus Infections,1504
MESH:D013553,Swine Diseases,1505
MESH:D003240,Connective Tissue Diseases,1506
MESH:D017454,"Dermatitis, Photoallergic",1507
MESH:D016766,Feline Infectious Peritonitis,1508
MESH:D006232,"Hand, Foot and Mouth Disease",1509
MESH:D007918,Leprosy,1510
MESH:D008101,"Liver Abscess, Amebic",1511
MESH:D008178,"Lupus Erythematosus, Cutaneous",1512
MESH:D017520,Mucinoses,1513
MESH:D012507,Sarcoidosis,1514
MESH:D000071243,Zika Virus Infection,1515
MESH:D004404,"Dysentery, Amebic",1516
MESH:D007299,Insect Bites and Stings,1517
MESH:D001264,Athetosis,1518
MESH:D019955,Conduct Disorder,1519
MESH:D009175,Mycoplasma Infections,1520
MESH:D012560,"Schizophrenia, Catatonic",1521
MESH:D020230,Serotonin Syndrome,1522
MESH:D059352,Musculoskeletal Pain,1523
MESH:D011236,Prediabetic State,1524
MESH:D013471,Sunburn,1525
MESH:D002771,Cholera,1526
MESH:D016137,Spina Bifida Cystica,1527
MESH:D053206,Nocturnal Enuresis,1528
MESH:D017453,"Dermatitis, Irritant",1529
MESH:D009886,Ophthalmoplegia,1530
MESH:D011681,Pupil Disorders,1531
MESH:D009669,Nose Neoplasms,1532
MESH:D003218,Condylomata Acuminata,1533
MESH:D018856,"Cystitis, Interstitial",1534
MESH:D017726,Cytomegalovirus Retinitis,1535
MESH:D027601,Polyomavirus Infections,1536
MESH:D001002,Anuria,1537
MESH:D003221,Confusion,1538
MESH:D006396,Hematemesis,1539
MESH:D008708,Methemoglobinemia,1540
MESH:D009377,Multiple Endocrine Neoplasia,1541
MESH:D019512,"Pancreatitis, Alcoholic",1542
MESH:D010439,Peptic Ulcer Perforation,1543
MESH:D010689,Phlebitis,1544
MESH:D012468,Salivary Gland Neoplasms,1545
MESH:D015043,Zollinger-Ellison Syndrome,1546
MESH:D049950,"Hyperparathyroidism, Primary",1547
MESH:D063806,Myalgia,1548
MESH:D011818,Rabies,1549
MESH:D012478,Salmonella Food Poisoning,1550
MESH:D000881,Anthrax,1551
MESH:D004756,Enterobacteriaceae Infections,1552
MESH:D004823,Epididymitis,1553
MESH:D015270,Mycobacterium avium-intracellulare Infection,1554
MESH:D010000,Osteitis,1555
MESH:D010930,Plague,1556
MESH:D012003,Rectal Fistula,1557
MESH:D014399,"Tuberculosis, Spinal",1558
MESH:D000307,Adrenal Gland Diseases,1559
MESH:D001005,Anus Neoplasms,1560
MESH:D019046,Bone Marrow Neoplasms,1561
MESH:D001984,Bronchial Neoplasms,1562
MESH:D021441,"Carcinoma, Pancreatic Ductal",1563
MESH:D005185,Fallopian Tube Neoplasms,1564
MESH:D005833,"Genital Neoplasms, Female",1565
MESH:D018197,Hepatoblastoma,1566
MESH:D015620,"Histiocytic Disorders, Malignant",1567
MESH:D007890,Leiomyosarcoma,1568
MESH:D008207,Lymphatic Metastasis,1569
MESH:D018328,"Melanoma, Amelanotic",1570
MESH:D009375,"Neoplasms, Glandular and Epithelial",1571
MESH:D010236,"Paraganglioma, Extra-Adrenal",1572
MESH:D010997,Pleural Neoplasms,1573
MESH:C538370,Retroperitoneal liposarcoma,1574
MESH:D013584,"Sarcoma, Synovial",1575
MESH:D013724,Teratoma,1576
MESH:D014134,Tracheal Neoplasms,1577
MESH:D014523,Urethral Neoplasms,1578
MESH:D014565,Urogenital Neoplasms,1579
MESH:D014625,Vaginal Neoplasms,1580
MESH:D000275,Adjustment Disorders,1581
MESH:D057215,Body Dysmorphic Disorders,1582
MESH:D007174,"Disruptive, Impulse Control, and Conduct Disorders",1583
MESH:D007943,"Leukemia, Hairy Cell",1584
MESH:D000008,Abdominal Neoplasms,1585
MESH:C538178,Acrodermatitis enteropathica,1586
MESH:D008010,Lichen Planus,1587
MESH:D014623,Vaginal Diseases,1588
MESH:D014820,Vitiligo,1589
MESH:D014845,Vulvar Diseases,1590
MESH:D015439,"Leprosy, Borderline",1591
MESH:D015440,"Leprosy, Lepromatous",1592
MESH:D056006,"Leprosy, Multibacillary",1593
MESH:D016883,Diabetic Ketoacidosis,1594
MESH:D000068079,Motor Disorders,1595
MESH:D052556,"Niemann-Pick Disease, Type C",1596
MESH:D000858,Anovulation,1597
MESH:D009450,Neurodermatitis,1598
MESH:C538136,Hyperexplexia hereditary,1599
MESH:D020187,REM Sleep Behavior Disorder,1600
MESH:D053608,Stupor,1601
MESH:D014715,Vertebrobasilar Insufficiency,1602
MESH:D014647,Varicose Ulcer,1603
MESH:D001883,Borderline Personality Disorder,1604
MESH:D007010,Hyponatremia,1605
MESH:D020961,Lewy Body Disease,1606
MESH:D010262,Paraphilic Disorders,1607
MESH:C563161,Hypertensive Nephropathy,1608
MESH:D055031,Primary Graft Dysfunction,1609
MESH:D011529,"Protozoan Infections, Animal",1610
MESH:D006985,Hyperventilation,1611
MESH:D007766,Lacrimal Apparatus Diseases,1612
MESH:D005128,Eye Diseases,1613
MESH:D000006,"Abdomen, Acute",1614
MESH:D004844,Epistaxis,1615
MESH:D011596,Psychomotor Disorders,1616
MESH:D004198,Disease Susceptibility,1617
MESH:D013281,"Stomatitis, Aphthous",1618
MESH:D016463,Sweet Syndrome,1619
MESH:D004412,Dysmenorrhea,1620
MESH:D007889,Leiomyoma,1621
MESH:D006628,Hirsutism,1622
MESH:D006527,Hepatolenticular Degeneration,1623
MESH:D007706,Menkes Kinky Hair Syndrome,1624
MESH:D030401,Cytochrome-c Oxidase Deficiency,1625
MESH:D008664,"Metal Metabolism, Inborn Errors",1626
MESH:D017545,"Aortic Aneurysm, Thoracic",1627
MESH:D007984,Leydig Cell Tumor,1628
MESH:D018319,Neurofibrosarcoma,1629
MESH:D014694,Ventricular Outflow Obstruction,1630
MESH:D002114,Calcinosis,1631
MESH:D006104,"Granuloma, Plasma Cell",1632
MESH:D055756,Meningeal Carcinomatosis,1633
MESH:D000016,"Abnormalities, Radiation-Induced",1634
MESH:D000015,"Abnormalities, Multiple",1635
MESH:D010859,Pigmentation Disorders,1636
MESH:D003103,Coloboma,1637
MESH:D016510,Corneal Neovascularization,1638
MESH:D015417,Hereditary Sensory and Motor Neuropathy,1639
MESH:D034141,Hypoalbuminemia,1640
MESH:D009385,Neoplastic Processes,1641
MESH:D009423,Nervous System Neoplasms,1642
MESH:D015452,Precursor B-Cell Lymphoblastic Leukemia-Lymphoma,1643
MESH:D010673,Pheochromocytoma,1644
MESH:D015863,Iridocyclitis,1645
MESH:D000744,"Anemia, Hemolytic, Autoimmune",1646
MESH:D000783,Aneurysm,1647
MESH:D053099,Azotemia,1648
MESH:D002296,Carcinosarcoma,1649
MESH:D058405,Desmoplastic Small Round Cell Tumor,1650
MESH:D058922,Inflammatory Breast Neoplasms,1651
MESH:D017563,"Lung Diseases, Interstitial",1652
MESH:D020945,"Lupus Vasculitis, Central Nervous System",1653
MESH:D054391,"Lymphoma, Extranodal NK-T-Cell",1654
MESH:D020422,Mononeuropathies,1655
MESH:D018213,"Neoplasms, Bone Tissue",1656
MESH:D056653,Rheumatoid Vasculitis,1657
MESH:D012793,Sialadenitis,1658
MESH:D013479,Superior Vena Cava Syndrome,1659
MESH:D013967,"Thyroiditis, Autoimmune",1660
MESH:D006457,"Hemoglobinuria, Paroxysmal",1661
MESH:D007638,Keratoconjunctivitis Sicca,1662
MESH:D008199,Lymphadenitis,1663
MESH:D009145,Mushroom Poisoning,1664
MESH:D012625,Sebaceous Gland Diseases,1665
MESH:D012769,Shock,1666
MESH:D013086,Spermatic Cord Torsion,1667
MESH:D013262,Stevens-Johnson Syndrome,1668
MESH:D015866,"Uveitis, Posterior",1669
MESH:D020417,"Nystagmus, Congenital",1670
MESH:D009347,Nelson Syndrome,1671
MESH:D007039,Hypotrichosis,1672
MESH:D003554,Cystinosis,1673
MESH:D005158,Facial Paralysis,1674
MESH:D015448,"Leukemia, B-Cell",1675
MESH:D015479,"Leukemia, Myelomonocytic, Acute",1676
MESH:D007953,"Leukemia, Radiation-Induced",1677
MESH:D010034,Otitis Media with Effusion,1678
MESH:D061686,Premature Ejaculation,1679
MESH:D018222,Desmoid Tumors,1680
MESH:D003557,Phyllodes Tumor,1681
MESH:D018241,"Neuroectodermal Tumors, Primitive, Peripheral",1682
MESH:D010001,Osteitis Deformans,1683
MESH:D018227,"Sarcoma, Clear Cell",1684
MESH:D017254,Leukemic Infiltration,1685
MESH:D054179,"Angioedemas, Hereditary",1686
MESH:D005350,Fibroma,1687
MESH:D056829,Hereditary Angioedema Types I and II,1688
MESH:D010198,Pancytopenia,1689
MESH:D011696,"Purpura, Thrombocytopenic",1690
MESH:D008305,Malignant Hyperthermia,1691
MESH:C537480,Miyoshi myopathy,1692
MESH:D010264,Paraplegia,1693
MESH:D003874,Dermatitis Herpetiformis,1694
MESH:D004893,Erythema Nodosum,1695
MESH:D016460,Granuloma Annulare,1696
MESH:D015441,"Leprosy, Tuberculoid",1697
MESH:D010390,"Pemphigoid, Benign Mucous Membrane",1698
MESH:D012872,"Skin Diseases, Vesiculobullous",1699
MESH:D003354,Corynebacterium Infections,1700
MESH:D060050,"Angina, Stable",1701
MESH:D015466,"Leukemia, Myeloid, Chronic-Phase",1702
MESH:D006474,Hemorrhagic Disorders,1703
MESH:D004701,Endocrine Gland Neoplasms,1704
MESH:D017086,beta-Thalassemia,1705
MESH:D029503,"Anemia, Diamond-Blackfan",1706
MESH:D006486,Hemosiderosis,1707
MESH:D013789,Thalassemia,1708
MESH:D014514,Ureteral Calculi,1709
MESH:D000309,Adrenal Insufficiency,1710
MESH:D007738,Kyphosis,1711
MESH:D020896,Hypovolemia,1712
MESH:D007177,Inappropriate ADH Syndrome,1713
MESH:D019318,Porcine Reproductive and Respiratory Syndrome,1714
MESH:D002032,Bulimia,1715
MESH:D052018,Bulimia Nervosa,1716
MESH:D003244,Consciousness Disorders,1717
MESH:D000169,Acrodermatitis,1718
MESH:C562707,"ACTH Deficiency, Isolated",1719
MESH:D000312,"Adrenal Hyperplasia, Congenital",1720
MESH:D000856,Anorexia Nervosa,1721
MESH:D020202,"Cerebral Hemorrhage, Traumatic",1722
MESH:D065306,Corneal Injuries,1723
MESH:D004443,Echinococcosis,1724
MESH:D020345,"Enterocolitis, Necrotizing",1725
MESH:D006102,"Granuloma, Laryngeal",1726
MESH:D006406,Hematoma,1727
MESH:D055959,Intervertebral Disc Degeneration,1728
MESH:D007829,Laryngostenosis,1729
MESH:D008471,Meconium Aspiration Syndrome,1730
MESH:D017241,MELAS Syndrome,1731
MESH:D008579,Meningioma,1732
MESH:D009220,Myositis,1733
MESH:D009230,Myxedema,1734
MESH:D009755,Night Blindness,1735
MESH:D009846,Oliguria,1736
MESH:D010265,Paraproteinemias,1737
MESH:D010899,Pituitary Apoplexy,1738
MESH:D010996,Pleural Effusion,1739
MESH:D020069,Shoulder Pain,1740
MESH:D018746,Systemic Inflammatory Response Syndrome,1741
MESH:D014012,Tinnitus,1742
MESH:D016781,"Toxoplasmosis, Cerebral",1743
MESH:D000068099,Trauma and Stressor Related Disorders,1744
MESH:D009041,Motion Sickness,1745
MESH:D020828,Pseudobulbar Palsy,1746
MESH:D007794,"Lameness, Animal",1747
MESH:D013064,Speech Disorders,1748
MESH:D044903,Congenital Hyperinsulinism,1749
MESH:D006008,Glycogen Storage Disease,1750
MESH:C537150,"Hypoglycemia, leucine-induced",1751
MESH:D046768,Nesidioblastosis,1752
MESH:C538543,Preeclamptic toxemia,1753
MESH:D006374,"Helminthiasis, Animal",1754
MESH:D006925,Hymenolepiasis,1755
MESH:D009349,Nematode Infections,1756
MESH:D017194,Oxyurida Infections,1757
MESH:D014257,Trichuriasis,1758
MESH:D020421,Vagus Nerve Diseases,1759
MESH:D059787,Acute Pain,1760
MESH:D041761,Cholecystolithiasis,1761
MESH:D013167,"Spondylitis, Ankylosing",1762
MESH:D048968,Morning Sickness,1763
MESH:D019588,"Aging, Premature",1764
MESH:D008118,Loiasis,1765
MESH:D000022,"Abortion, Spontaneous",1766
MESH:D028227,"Amyloid Neuropathies, Familial",1767
MESH:D002037,Bundle-Branch Block,1768
MESH:D018880,Atrial Premature Complexes,1769
MESH:D005761,"Gastroenteritis, Transmissible, of Swine",1770
MESH:D006530,Hepatorenal Syndrome,1771
MESH:D011660,Pulmonary Heart Disease,1772
MESH:D002598,Chagas Cardiomyopathy,1773
MESH:D004374,"Ductus Arteriosus, Patent",1774
MESH:D004437,Ebstein Anomaly,1775
MESH:D008944,Mitral Valve Insufficiency,1776
MESH:D005262,Feminization,1777
MESH:D000788,"Angina Pectoris, Variant",1778
MESH:C536421,Prinzmetal's variant angina,1779
MESH:D053840,Brugada Syndrome,1780
MESH:D007759,Labyrinth Diseases,1781
MESH:D013547,"Sweating, Gustatory",1782
MESH:D007855,Lead Poisoning,1783
MESH:D018159,Endolymphatic Hydrops,1784
MESH:D001404,Babesiosis,1785
MESH:D019106,Postoperative Hemorrhage,1786
MESH:D006473,Postpartum Hemorrhage,1787
MESH:D011273,"Pregnancy, Prolonged",1788
MESH:D001651,"Cholestasis, Extrahepatic",1789
MESH:D014832,Voice Disorders,1790
MESH:D050723,"Fractures, Bone",1791
MESH:D017889,Exfoliation Syndrome,1792
MESH:D057066,Low Tension Glaucoma,1793
MESH:D056627,Peritoneal Fibrosis,1794
MESH:D056844,Renal Colic,1795
MESH:D005117,"Cardiac Complexes, Premature",1796
MESH:D020196,"Trauma, Nervous System",1797
MESH:D001238,Asphyxia Neonatorum,1798
MESH:D054549,Takotsubo Cardiomyopathy,1799
MESH:D012983,Soft Tissue Neoplasms,1800
MESH:C537171,Paraquat lung,1801
MESH:D010547,Persistent Fetal Circulation Syndrome,1802
MESH:D001748,Urinary Bladder Neck Obstruction,1803
MESH:C535648,Familial primary gastric lymphoma,1804
MESH:D006394,Hemangiosarcoma,1805
MESH:D001019,Aortic Rupture,1806
MESH:D003715,Dengue,1807
MESH:D004184,Dirofilariasis,1808
MESH:D034161,Pelvic Infection,1809
MESH:D011475,Prosthesis Failure,1810
MESH:D011625,Pterygium,1811
MESH:D002575,Uterine Cervicitis,1812
MESH:D000080424,Cytokine Release Syndrome,1813
MESH:D001004,Anus Diseases,1814
MESH:D001835,Body Weight,1815
MESH:D002764,Cholecystitis,1816
MESH:D002769,Cholelithiasis,1817
MESH:D014098,Toothache,1818
MESH:D000033,"Abortion, Threatened",1819
MESH:C538173,Acquired angioedema,1820
MESH:D056828,Hereditary Angioedema Type III,1821
MESH:D015821,"Eye Infections, Fungal",1822
MESH:D007634,Keratitis,1823
MESH:D010854,Piedra,1824
MESH:D002249,Carbon Monoxide Poisoning,1825
MESH:D000081015,Ototoxicity,1826
MESH:C548016,Hypermanganesemia with Dystonia Polycythemia and Cirrhosis,1827
MESH:D009468,Neuromuscular Diseases,1828
MESH:D065646,"Thyroid Carcinoma, Anaplastic",1829
MESH:D018279,"Carcinoma, Signet Ring Cell",1830
MESH:D011086,Polycythemia,1831
MESH:D002538,Intracranial Arteriovenous Malformations,1832
MESH:D016489,"Head Injuries, Closed",1833
MESH:D054059,Coronary Occlusion,1834
MESH:D011250,"Pregnancy Complications, Hematologic",1835
MESH:D054908,Extensively Drug-Resistant Tuberculosis,1836
MESH:D001988,Bronchiolitis,1837
MESH:D003440,Croup,1838
MESH:D004387,Dupuytren Contracture,1839
MESH:D005512,Food Hypersensitivity,1840
MESH:D007819,Laryngeal Edema,1841
MESH:D010412,Penile Neoplasms,1842
MESH:D006344,"Heart Septal Defects, Atrial",1843
MESH:C537700,Juvenile osteoporosis,1844
MESH:D010020,Osteonecrosis,1845
MESH:D003027,Cluster Headache,1846
MESH:D002169,Campylobacter Infections,1847
MESH:D053159,Dysuria,1848
MESH:D013978,Tibial Fractures,1849
MESH:D017588,Hyperandrogenism,1850
MESH:D006059,Gonadal Dysgenesis,1851
MESH:D060825,Cognitive Dysfunction,1852
MESH:D014596,Uterine Prolapse,1853
MESH:D009165,"Mycobacterium Infections, Nontuberculous",1854
MESH:D020306,"Tuberculosis, Central Nervous System",1855
MESH:D014388,"Tuberculosis, Lymph Node",1856
MESH:D014391,"Tuberculosis, Miliary",1857
MESH:D014394,"Tuberculosis, Osteoarticular",1858
MESH:D014396,"Tuberculosis, Pleural",1859
MESH:D001247,Asthenia,1860
MESH:D054079,Vascular Malformations,1861
MESH:D014811,Vitamin E Deficiency,1862
MESH:D004428,Ear Neoplasms,1863
MESH:D017699,Pelvic Pain,1864
MESH:D058566,Sacroiliitis,1865
MESH:D018239,Seminoma,1866
MESH:D007644,Darier Disease,1867
MESH:D010916,Pityriasis Rubra Pilaris,1868
MESH:D014402,Tuberous Sclerosis,1869
MESH:C537345,Sitosterolemia,1870
MESH:D007000,Hypodermyiasis,1871
MESH:D004935,Esophageal Diseases,1872
MESH:D009078,Mucocele,1873
MESH:D010438,Peptic Ulcer Hemorrhage,1874
MESH:D018195,Adenosarcoma,1875
MESH:D015597,"Pregnancy Complications, Parasitic",1876
MESH:D054078,Mevalonate Kinase Deficiency,1877
MESH:D000079690,Postoperative Cognitive Complications,1878
MESH:D006482,"Hemorrhagic Fevers, Viral",1879
MESH:D045464,Henipavirus Infections,1880
MESH:D020195,"Epilepsy, Reflex",1881
MESH:C535500,"Epileptic encephalopathy, Lennox-Gastaut type",1882
MESH:D017191,Ascaridida Infections,1883
MESH:D009472,Neuronal Ceroid-Lipofuscinoses,1884
MESH:D002578,Uterine Cervical Dysplasia,1885
MESH:D006952,Hyperlipoproteinemia Type III,1886
MESH:D005222,Mental Fatigue,1887
MESH:D017192,"Skin Diseases, Bacterial",1888
MESH:D018461,Soft Tissue Infections,1889
MESH:D012811,Sigmoid Neoplasms,1890
MESH:D002179,"Candidiasis, Cutaneous",1891
MESH:D014008,Tinea Pedis,1892
MESH:D014010,Tinea Versicolor,1893
MESH:D000224,Addison Disease,1894
MESH:D000506,Alopecia Areata,1895
MESH:D020236,"Amnesia, Transient Global",1896
MESH:D012791,Shy-Drager Syndrome,1897
MESH:D006970,Disorders of Excessive Somnolence,1898
MESH:D012913,Snoring,1899
MESH:D000080365,Birdshot Chorioretinopathy,1900
MESH:D020256,Choroidal Neovascularization,1901
MESH:D002921,Cicatrix,1902
MESH:D004379,Duodenal Neoplasms,1903
MESH:D006390,Hemangioendothelioma,1904
MESH:D006869,Hydronephrosis,1905
MESH:D010307,Parotid Neoplasms,1906
MESH:D003969,Vipoma,1907
MESH:D020294,"Myasthenic Syndromes, Congenital",1908
MESH:D010510,Periodontal Diseases,1909
MESH:D020774,Pick Disease of the Brain,1910
MESH:D020323,Tics,1911
MESH:D006998,Hypochondriasis,1912
MESH:D009440,Neurasthenia,1913
MESH:D006201,Hair Diseases,1914
MESH:D012891,Sleep Apnea Syndromes,1915
MESH:D000370,Ageusia,1916
MESH:D000757,Anencephaly,1917
MESH:D002971,Cleft Lip,1918
MESH:D003117,Color Vision Defects,1919
MESH:D000013,Congenital Abnormalities,1920
MESH:D005494,Folic Acid Deficiency,1921
MESH:D007021,Hypospadias,1922
MESH:D019767,Maxillofacial Abnormalities,1923
MESH:D008591,Meningomyelocele,1924
MESH:D012607,Scotoma,1925
MESH:D016135,Spinal Dysraphism,1926
MESH:D013182,"Sprue, Tropical",1927
MESH:D064793,Teratogenesis,1928
MESH:D006502,Budd-Chiari Syndrome,1929
MESH:C538117,Human Herpesvirus 6 encephalitis,1930
MESH:D012173,Retinitis,1931
MESH:D002972,Cleft Palate,1932
MESH:D002340,Carotid Artery Diseases,1933
MESH:D007019,Hypoproteinemia,1934
MESH:D001650,Bile Duct Neoplasms,1935
MESH:D003528,"Carcinoma, Adenoid Cystic",1936
MESH:C531617,Amyotrophic lateral sclerosis 1,1937
MESH:D010591,Phantom Limb,1938
MESH:D011164,Porphyrias,1939
MESH:D020886,Somatosensory Disorders,1940
MESH:D020432,Trochlear Nerve Diseases,1941
MESH:D000084202,Chemotherapy-Related Cognitive Impairment,1942
MESH:D015140,"Dementia, Vascular",1943
MESH:D001117,Arenaviridae Infections,1944
MESH:D002044,Bunyaviridae Infections,1945
MESH:D003333,Coronaviridae Infections,1946
MESH:D018178,Flaviviridae Infections,1947
MESH:D018184,Paramyxoviridae Infections,1948
MESH:D010850,Picornaviridae Infections,1949
MESH:D012295,Rift Valley Fever,1950
MESH:D015775,"Fractures, Stress",1951
MESH:D012585,Sciatica,1952
MESH:D018237,Germinoma,1953
MESH:C564616,Spinocerebellar Ataxia 17,1954
MESH:D001237,Asphyxia,1955
MESH:D006349,Heart Valve Diseases,1956
MESH:D009137,"Muscular Dystrophy, Animal",1957
MESH:D016459,Prosthesis-Related Infections,1958
MESH:D013117,Spinal Cord Compression,1959
MESH:D002590,Cestode Infections,1960
MESH:D056647,Systemic Vasculitis,1961
MESH:D015576,Hyperostosis,1962
MESH:D017118,"Porphyria, Acute Intermittent",1963
MESH:D013217,Starvation,1964
MESH:D009008,"Abnormalities, Severe Teratoid",1965
MESH:D016640,"Diabetes, Gestational",1966
MESH:D012466,Salivary Gland Diseases,1967
MESH:D014006,Tinea Capitis,1968
MESH:D012562,"Schizophrenia, Disorganized",1969
MESH:D020152,Antithrombin III Deficiency,1970
MESH:D017700,"Embolism, Cholesterol",1971
MESH:C536610,Familial cerebral cavernous malformation,1972
MESH:D015432,"Glomerulonephritis, Membranoproliferative",1973
MESH:D020765,Intracranial Arterial Diseases,1974
MESH:D020766,Intracranial Embolism,1975
MESH:C564945,"Neuropathy, Painful",1976
MESH:D014848,Vulvovaginitis,1977
MESH:D057045,Laryngopharyngeal Reflux,1978
MESH:D059348,Peripheral Nerve Injuries,1979
MESH:D057973,Dent Disease,1980
MESH:D000752,"Anemia, Pernicious",1981
MESH:C537359,Methylmalonic acidemia with homocystinuria,1982
MESH:D011695,IgA Vasculitis,1983
MESH:D008947,Mixed Connective Tissue Disease,1984
MESH:D013625,Takayasu Arteritis,1985
OMIM:616739,"INTELLECTUAL DEVELOPMENTAL DISORDER, AUTOSOMAL RECESSIVE 51",1986
MESH:D015207,"Osteoarthritis, Hip",1987
MESH:D011201,Poultry Diseases,1988
MESH:C535700,Malignant mesenchymal tumor,1989
MESH:D004881,Ergotism,1990
MESH:D005383,Finger Injuries,1991
MESH:D065630,"Hernias, Diaphragmatic, Congenital",1992
MESH:D009196,Myeloproliferative Disorders,1993
MESH:D000196,Actinomycosis,1994
MESH:D016863,Bacillaceae Infections,1995
MESH:D003015,Clostridium Infections,1996
MESH:D012569,Schizotypal Personality Disorder,1997
MESH:D001913,Bowen's Disease,1998
MESH:D017789,"Granuloma, Pyogenic",1999
MESH:D015769,"Granuloma, Respiratory Tract",2000
MESH:D014545,Urinary Calculi,2001
MESH:D010048,Ovarian Cysts,2002
MESH:D001014,Aortic Aneurysm,2003
MESH:D001265,Athletic Injuries,2004
MESH:D018276,"Carcinoma, Medullary",2005
MESH:D002805,Chondrocalcinosis,2006
MESH:D020773,Headache Disorders,2007
MESH:D034321,Hyperamylasemia,2008
MESH:D006955,Hypernatremia,2009
MESH:D009999,"Ossification, Heterotopic",2010
MESH:D010257,Paraneoplastic Syndromes,2011
MESH:D006831,Polyhydramnios,2012
MESH:D011546,Pseudohypoaldosteronism,2013
MESH:D019873,Schnitzler Syndrome,2014
MESH:D004240,Diverticulum,2015
MESH:D008831,Microcephaly,2016
MESH:D020326,Migraine without Aura,2017
MESH:D020447,Parasomnias,2018
MESH:D011557,Pseudorabies,2019
MESH:D055985,Latent Tuberculosis,2020
MESH:D014385,"Tuberculosis, Gastrointestinal",2021
MESH:D014390,"Tuberculosis, Meningeal",2022
MESH:D000219,Adams-Stokes Syndrome,2023
MESH:D011226,Pre-Excitation Syndromes,2024
MESH:D004932,Esophageal and Gastric Varices,2025
MESH:D003329,Coronary Vasospasm,2026
MESH:D053718,Scleromyxedema,2027
MESH:D001229,"Aspergillosis, Allergic Bronchopulmonary",2028
MESH:D008271,Mycetoma,2029
MESH:D013174,Sporotrichosis,2030
MESH:D014627,Vaginitis,2031
MESH:D000258,"Adenovirus Infections, Human",2032
MESH:D017229,Enterobiasis,2033
MESH:D008992,Monkey Diseases,2034
MESH:D010123,Oxyuriasis,2035
MESH:D013319,"Strongyle Infections, Equine",2036
MESH:D004884,Eructation,2037
MESH:D005124,Eye Abnormalities,2038
MESH:D007690,Polycystic Kidney Diseases,2039
MESH:D056889,Barth Syndrome,2040
MESH:D002006,Brucellosis,2041
MESH:D002178,"Candidiasis, Chronic Mucocutaneous",2042
MESH:C562581,"Hypercalcemia, Idiopathic, of Infancy",2043
MESH:C536082,"Hypercalciuria, childhood idiopathic",2044
MESH:D007973,Leukorrhea,2045
MESH:D060446,Phaeohyphomycosis,2046
MESH:D017695,Soft Tissue Injuries,2047
MESH:D000142,"Acidosis, Respiratory",2048
MESH:D059373,Mastodynia,2049
MESH:D020299,"Intracranial Hemorrhage, Hypertensive",2050
MESH:D009084,Mucopolysaccharidosis III,2051
MESH:D010468,Perceptual Disorders,2052
MESH:D050798,SUNCT Syndrome,2053
MESH:D001471,Barrett Esophagus,2054
MESH:D006551,"Hernia, Hiatal",2055
MESH:D045602,Steatorrhea,2056
MESH:D005533,Foot Dermatoses,2057
MESH:D006229,Hand Dermatoses,2058
MESH:C535323,Chromosome 5q Deletion Syndrome,2059
MESH:D001848,"Bone Diseases, Developmental",2060
MESH:D017237,Mitochondrial Encephalomyopathies,2061
MESH:D020335,Paraparesis,2062
MESH:D008796,Metrorrhagia,2063
MESH:D009214,Myoma,2064
MESH:D010378,Pedophilia,2065
MESH:D020194,Unverricht-Lundborg Syndrome,2066
MESH:D003233,"Conjunctivitis, Allergic",2067
MESH:C537968,Camptocormia,2068
MESH:D019578,Multiple System Atrophy,2069
MESH:C538421,Neurodegeneration with brain iron accumulation (NBIA),2070
MESH:C565276,"Parkinson Disease 6, Autosomal Recessive Early-Onset",2071
MESH:D018458,Persistent Vegetative State,2072
MESH:C537537,"Segawa syndrome, autosomal recessive",2073
MESH:D013494,"Supranuclear Palsy, Progressive",2074
MESH:D006969,"Hypersensitivity, Immediate",2075
MESH:D006209,Halitosis,2076
MESH:D000274,Adiposis Dolorosa,2077
MESH:C535438,Bidirectional tachycardia,2078
MESH:D004414,Dyspareunia,2079
MESH:D020226,Cavernous Sinus Thrombosis,2080
MESH:D019958,Attention Deficit and Disruptive Behavior Disorders,2081
MESH:D002526,Cerebellar Diseases,2082
MESH:D001037,Aphasia,2083
MESH:D004408,Dysgeusia,2084
MESH:D005258,Felty Syndrome,2085
MESH:C538446,Speech disturbance - use of faulty phrasing and unrelated words,2086
MESH:D005132,Eye Manifestations,2087
MESH:D005134,Eye Neoplasms,2088
MESH:D018302,"Neoplasms, Neuroepithelial",2089
MESH:D009187,Myelitis,2090
MESH:D012078,Renal Artery Obstruction,2091
MESH:D000303,Adrenal Cortex Diseases,2092
MESH:D014178,"Translocation, Genetic",2093
MESH:C537153,Hypomagnesemia primary,2094
MESH:D066088,Infant Death,2095
MESH:D008275,Magnesium Deficiency,2096
MESH:D013612,"Tachycardia, Ectopic Atrial",2097
MESH:C567144,"Anemia, Hypochromic Microcytic, With Iron Overload",2098
MESH:D000081029,Pulmonary Arterial Hypertension,2099
MESH:D008080,Liposarcoma,2100
MESH:D010508,Periodontal Abscess,2101
MESH:D014076,Tooth Diseases,2102
MESH:D014235,Trichinellosis,2103
MESH:D054038,Posterior Leukoencephalopathy Syndrome,2104
MESH:D007228,Infant Nutrition Disorders,2105
MESH:D044342,Malnutrition,2106
MESH:C563614,Long Qt Syndrome 2,2107
MESH:D015362,Child Nutrition Disorders,2108
MESH:D007815,Larva Migrans,2109
MESH:D017190,Secernentea Infections,2110
MESH:D013031,Sparganosis,2111
MESH:D013622,Taeniasis,2112
MESH:D018192,Lymphangioleiomyomatosis,2113
MESH:D016779,"Malaria, Cerebral",2114
MESH:D014353,"Trypanosomiasis, African",2115
MESH:D004685,"Encephalomyelitis, Venezuelan Equine",2116
MESH:D009050,"Fluorosis, Dental",2117
MESH:D006932,Hyperbilirubinemia,2118
MESH:D020179,Jet Lag Syndrome,2119
MESH:D008269,Macular Edema,2120
MESH:D054220,Malformations of Cortical Development,2121
MESH:D016574,Seasonal Affective Disorder,2122
MESH:D020178,"Sleep Disorders, Circadian Rhythm",2123
MESH:D000075363,Immunoglobulin Light-chain Amyloidosis,2124
MESH:C537372,Multi-centric Castleman's Disease,2125
MESH:D010026,Osteosclerosis,2126
MESH:C535469,Coproporphyria,2127
MESH:D018442,"Lymphoma, B-Cell, Marginal Zone",2128
MESH:D050500,"Pancreatitis, Chronic",2129
MESH:D003109,"Colonic Diseases, Functional",2130
MESH:D000083023,Colitis-Associated Neoplasms,2131
MESH:D056769,Alstrom Syndrome,2132
MESH:D009264,"Nails, Malformed",2133
MESH:D016136,Spina Bifida Occulta,2134
MESH:C538250,Amyopathic dermatomyositis,2135
MESH:D016918,"Arthritis, Reactive",2136
MESH:D002813,Chondrosarcoma,2137
MESH:D017675,CREST Syndrome,2138
MESH:D018325,Hemangioblastoma,2139
MESH:D007007,Hypohidrosis,2140
MESH:D016400,"Lymphoma, Large-Cell, Immunoblastic",2141
MESH:D009298,Nasal Polyps,2142
MESH:D010255,Paranasal Sinus Neoplasms,2143
MESH:D011271,"Pregnancy, Ectopic",2144
MESH:D025242,Spondylarthropathies,2145
MESH:D013899,Thoracic Neoplasms,2146
MESH:D014328,Trophoblastic Neoplasms,2147
MESH:D000377,Agnosia,2148
MESH:D003490,Cyanosis,2149
MESH:D056987,Vasoplegia,2150
MESH:D013001,Somatoform Disorders,2151
MESH:D020434,Abducens Nerve Diseases,2152
MESH:D001649,Bile Duct Diseases,2153
MESH:D018196,"Carcinoma, Adenosquamous",2154
MESH:D002528,Cerebellar Neoplasms,2155
MESH:D004673,"Encephalomyelitis, Acute Disseminated",2156
MESH:D004892,Erythema Multiforme,2157
MESH:D006312,"Hearing Loss, Bilateral",2158
MESH:D003639,"Hearing Loss, Sudden",2159
MESH:D046748,"Hematoma, Epidural, Spinal",2160
MESH:D009471,Neuromyelitis Optica,2161
MESH:D016727,Orbital Pseudotumor,2162
MESH:D015864,Panuveitis,2163
MESH:C538458,Rapidly progressive glomerulonephritis with pulmonary hemorrhage,2164
MESH:D023341,Chills,2165
MESH:D053714,Aspermia,2166
MESH:D003456,Cryptorchidism,2167
MESH:D006939,Hyperemesis Gravidarum,2168
MESH:D014653,Vascular Headaches,2169
MESH:D005414,Flatulence,2170
MESH:D012817,"Signs and Symptoms, Digestive",2171
MESH:D004066,Digestive System Diseases,2172
MESH:D017574,Parasystole,2173
MESH:D004749,Entamoebiasis,2174
MESH:D004761,"Enterocolitis, Pseudomembranous",2175
MESH:D052776,Female Urogenital Diseases,2176
MESH:D009059,Mouth Diseases,2177
MESH:D011528,Protozoan Infections,2178
MESH:D014245,Trichomonas Infections,2179
MESH:D014247,Trichomonas Vaginitis,2180
MESH:D043204,"Mineralocorticoid Excess Syndrome, Apparent",2181
MESH:D000795,Fabry Disease,2182
MESH:D005776,Gaucher Disease,2183
MESH:D003251,"Constriction, Pathologic",2184
MESH:C535953,Eosinophilic pustular folliculitis,2185
MESH:D005600,Fragile X Syndrome,2186
MESH:D017497,Hidradenitis Suppurativa,2187
MESH:D008589,Meningococcal Infections,2188
MESH:D016869,Ureaplasma Infections,2189
MESH:D005329,"Fetishism, Psychiatric",2190
MESH:D020260,"Heavy Metal Poisoning, Nervous System",2191
MESH:C535474,Corneal dystrophy Avellino type,2192
MESH:D003318,Corneal Opacity,2193
MESH:D000310,Adrenal Gland Neoplasms,2194
MESH:D055963,"Asthma, Aspirin-Induced",2195
MESH:D001250,"Asthma, Exercise-Induced",2196
MESH:D005596,"Fractures, Closed",2197
MESH:D020207,"Coma, Post-Head Injury",2198
MESH:D006819,Hyaline Membrane Disease,2199
MESH:D013705,Temporomandibular Joint Disorders,2200
MESH:D056735,Autoimmune Lymphoproliferative Syndrome,2201
MESH:D021081,Chronobiology Disorders,2202
MESH:D003555,Cystinuria,2203
MESH:D004403,Dysentery,2204
MESH:D006935,Hypercapnia,2205
MESH:D004172,Diplopia,2206
MESH:D006685,Hoarseness,2207
MESH:D001162,Arteriosclerosis Obliterans,2208
MESH:D017676,"Lichen Planus, Oral",2209
MESH:D010489,Periarthritis,2210
MESH:D014948,"Wounds, Gunshot",2211
MESH:D017439,"Cicatrix, Hypertrophic",2212
MESH:C536312,Juvenile pauciarticular chronic arthritis,2213
MESH:D054143,"Heart Failure, Systolic",2214
MESH:D065666,Mesenteric Ischemia,2215
MESH:D004653,Empyema,2216
MESH:D008480,Mediastinitis,2217
MESH:D015163,Superinfection,2218
MESH:D043171,Chromosomal Instability,2219
MESH:D007662,Ketosis,2220
MESH:D008060,Lipodystrophy,2221
MESH:D010383,Pellagra,2222
MESH:D002472,"Cell Transformation, Viral",2223
MESH:D001308,Auditory Perceptual Disorders,2224
MESH:D013166,Spondylitis,2225
MESH:D017542,"Aneurysm, Ruptured",2226
MESH:D020176,Tyrosinemias,2227
MESH:D016893,Carotid Stenosis,2228
MESH:D005311,Fetal Hypoxia,2229
MESH:D009444,"Neuritis, Autoimmune, Experimental",2230
MESH:D015862,Choroid Diseases,2231
MESH:D006484,Hemorrhoids,2232
MESH:D020339,Optic Nerve Glioma,2233
MESH:D009381,"Neoplasms, Radiation-Induced",2234
MESH:D011776,Pyuria,2235
MESH:D001044,Aphonia,2236
MESH:D000070624,Brain Contusion,2237
MESH:D020760,Spinal Cord Ischemia,2238
MESH:D020293,"Vasculitis, Central Nervous System",2239
MESH:D007516,"Adenoma, Islet Cell",2240
MESH:D018273,"Carcinoma, Islet Cell",2241
MESH:D002915,Chylous Ascites,2242
MESH:C566417,Endotoxin Hyporesponsiveness,2243
MESH:D010192,Pancreatic Pseudocyst,2244
MESH:D013945,Thymoma,2245
MESH:D016862,"Tuberculoma, Intracranial",2246
MESH:D046349,"Coproporphyria, Hereditary",2247
MESH:D057180,Frontotemporal Dementia,2248
MESH:C564133,"Ige Responsiveness, Atopic",2249
MESH:D014524,Urethral Obstruction,2250
MESH:D061206,Neoplasm Micrometastasis,2251
MESH:D019121,Burkholderia Infections,2252
MESH:D002916,Chylothorax,2253
MESH:D012035,Refsum Disease,2254
MESH:D019247,HIV Wasting Syndrome,2255
MESH:D012010,"Red-Cell Aplasia, Pure",2256
MESH:C554498,AIDS-related Kaposi sarcoma,2257
MESH:D000782,Aneuploidy,2258
MESH:D014067,Tonsillar Neoplasms,2259
MESH:D020295,Brain Stem Neoplasms,2260
MESH:C536063,Osteoporosis-pseudoglioma syndrome,2261
MESH:D013651,Taste Disorders,2262
MESH:D014949,"Wounds, Nonpenetrating",2263
MESH:D002539,Cerebral Arterial Diseases,2264
MESH:D013581,Synovial Cyst,2265
MESH:D009136,Muscular Dystrophies,2266
MESH:D002054,Burning Mouth Syndrome,2267
MESH:D055111,Failed Back Surgery Syndrome,2268
MESH:D014256,Trichotillomania,2269
MESH:D011024,"Pneumonia, Viral",2270
MESH:D000231,"Adenocarcinoma, Papillary",2271
MESH:C536404,"Nephrotic syndrome, idiopathic, steroid-resistant",2272
MESH:D012163,Retinal Detachment,2273
MESH:D005208,Fasciitis,2274
MESH:D006395,Hemarthrosis,2275
MESH:D009494,Neurosyphilis,2276
MESH:D014606,"Uveitis, Anterior",2277
MESH:C536773,"Syphilis, secondary",2278
MESH:D055013,"Osteoarthritis, Spine",2279
MESH:D010520,Aggressive Periodontitis,2280
MESH:D015161,"Dementia, Multi-Infarct",2281
MESH:D007589,Job Syndrome,2282
MESH:D007871,Leg Ulcer,2283
MESH:C564013,"Deafness, Aminoglycoside-Induced",2284
MESH:D052858,Cystocele,2285
MESH:D004760,Enterocolitis,2286
MESH:D006986,Hypervitaminosis A,2287
MESH:D007567,"Jaundice, Neonatal",2288
MESH:D020191,"Myoclonic Epilepsies, Progressive",2289
MESH:D013341,Sturge-Weber Syndrome,2290
MESH:D010864,Pilonidal Sinus,2291
MESH:D013088,Spermatocele,2292
MESH:D006848,Testicular Hydrocele,2293
MESH:D056806,"Urea Cycle Disorders, Inborn",2294
MESH:D007681,Kidney Papillary Necrosis,2295
MESH:D013122,Spinal Diseases,2296
MESH:D013364,Submandibular Gland Diseases,2297
MESH:D004820,Epidermolysis Bullosa,2298
MESH:D013132,Spinocerebellar Degenerations,2299
MESH:D018636,Hypoplastic Left Heart Syndrome,2300
MESH:D007571,Jaw Diseases,2301
MESH:C537358,Methylmalonic acidemia,2302
MESH:D034701,"Mastocytosis, Cutaneous",2303
MESH:D013121,Spinal Curvatures,2304
MESH:D000151,Acinetobacter Infections,2305
MESH:D045826,Flavobacteriaceae Infections,2306
MESH:D016066,"Pleural Effusion, Malignant",2307
MESH:D018256,Adenomatous Polyps,2308
MESH:C535935,"Cholestasis, progressive familial intrahepatic 3",2309
MESH:D017484,"Dermatitis, Phototoxic",2310
MESH:D011019,"Pneumonia, Mycoplasma",2311
MESH:C536827,Glomus vagale tumors,2312
MESH:D005536,Foot-and-Mouth Disease,2313
MESH:D054243,Vesicular Stomatitis,2314
MESH:D020314,Central Nervous System Fungal Infections,2315
MESH:C536694,Westphal disease,2316
MESH:D004169,Diphyllobothriasis,2317
MESH:D012552,Schistosomiasis,2318
MESH:D012554,Schistosomiasis japonica,2319
MESH:D014201,Trematode Infections,2320
MESH:D003095,Collagen Diseases,2321
MESH:D020220,Facial Nerve Injuries,2322
MESH:D015868,Pars Planitis,2323
MESH:D011693,Purpura,2324
MESH:D029502,"Anemia, Hypoplastic, Congenital",2325
MESH:D001607,Berylliosis,2326
MESH:D006392,"Hemangioma, Cavernous",2327
MESH:D055613,Multiple Pulmonary Nodules,2328
MESH:D009212,Myoglobinuria,2329
MESH:D018979,"Myositis, Inclusion Body",2330
MESH:D015436,"Panniculitis, Peritoneal",2331
MESH:D015493,"Paraparesis, Tropical Spastic",2332
MESH:D015423,Scleritis,2333
MESH:D020277,"Polyradiculoneuropathy, Chronic Inflammatory Demyelinating",2334
MESH:D020201,"Brain Hemorrhage, Traumatic",2335
MESH:D005348,Fibrocystic Breast Disease,2336
MESH:D004393,"Dwarfism, Pituitary",2337
MESH:D000849,Anomia,2338
MESH:D001039,"Aphasia, Broca",2339
MESH:D006044,"Goiter, Nodular",2340
MESH:D006408,"Hematoma, Subdural",2341
MESH:D018240,Endodermal Sinus Tumor,2342
MESH:D018310,Sertoli-Leydig Cell Tumor,2343
MESH:D003389,Cranial Nerve Diseases,2344
MESH:D020437,Hypoglossal Nerve Diseases,2345
MESH:D004684,"Leukoencephalitis, Acute Hemorrhagic",2346
MESH:D009260,Nail Diseases,2347
MESH:D001260,Ataxia Telangiectasia,2348
MESH:D053713,Azoospermia,2349
MESH:D000077962,Body-Weight Trajectory,2350
MESH:D007627,Keloid,2351
MESH:D020263,"Lead Poisoning, Nervous System",2352
MESH:C562565,Uterine Anomalies,2353
MESH:C538481,Acquired CJD,2354
MESH:D020922,Sleep-Wake Transition Disorders,2355
OMIM:614160,MUSCLE HYPERTROPHY,2356
MESH:D009232,Myxoma,2357
MESH:D016103,Spinal Fractures,2358
MESH:D014846,Vulvar Neoplasms,2359
MESH:D006524,"Hepatitis, Viral, Animal",2360
MESH:D018186,Pneumovirus Infections,2361
MESH:D000007,Abdominal Injuries,2362
MESH:D000853,Anophthalmos,2363
MESH:D000067877,Autism Spectrum Disorder,2364
MESH:D044584,"Carcinoma, Ductal",2365
MESH:C537948,"Ceroid lipofuscinosis, neuronal 1, infantile",2366
MESH:D003111,Colonic Polyps,2367
MESH:D054144,"Heart Failure, Diastolic",2368
MESH:D007905,Lens Diseases,2369
MESH:D012600,Scoliosis,2370
MESH:D012751,Sezary Syndrome,2371
MESH:C536914,"Thyroid cancer, medullary",2372
MESH:D014898,Werner Syndrome,2373
MESH:D015785,"Eye Diseases, Hereditary",2374
MESH:D008415,Mastocytosis,2375
MESH:D019846,Miller Fisher Syndrome,2376
MESH:D020720,"Myasthenia Gravis, Autoimmune, Experimental",2377
MESH:D006478,"Hemorrhagic Fever, American",2378
MESH:D006479,"Hemorrhagic Fever, Crimean",2379
MESH:D006480,Hemorrhagic Fever with Renal Syndrome,2380
MESH:D007835,Lassa Fever,2381
MESH:D010217,Phlebotomus Fever,2382
MESH:D012088,Reoviridae Infections,2383
MESH:D013344,Subacute Sclerosing Panencephalitis,2384
MESH:D009304,Nasopharyngitis,2385
MESH:D009784,Occupational Diseases,2386
MESH:D010038,Otorhinolaryngologic Diseases,2387
MESH:D012178,Retinopathy of Prematurity,2388
MESH:D008850,Microphthalmos,2389
MESH:D003130,Combat Disorders,2390
MESH:D004314,Down Syndrome,2391
MESH:D011218,Prader-Willi Syndrome,2392
MESH:D058496,Smith-Magenis Syndrome,2393
MESH:D000306,Adrenal Cortex Neoplasms,2394
MESH:D052496,"Lipodystrophy, Familial Partial",2395
MESH:D000075224,Cardiac Conduction System Disease,2396
MESH:D000077273,"Thyroid Cancer, Papillary",2397
MESH:D000072717,Tertiary Lymphoid Structures,2398
MESH:D000077260,Sleepiness,2399
MESH:D057767,Kashin-Beck Disease,2400
MESH:C536166,Keshan disease,2401
MESH:D019052,"Depression, Postpartum",2402
MESH:D000026,"Abortion, Habitual",2403
MESH:D014646,Varicocele,2404
MESH:D016638,Critical Illness,2405
MESH:D020833,Diffuse Axonal Injury,2406
MESH:C538646,"High serum cholesterol, familial",2407
MESH:C563476,Inclusion Body Myopathy With Early-Onset Paget Disease And Frontotemporal Dementia,2408
MESH:D016891,"Polycystic Kidney, Autosomal Dominant",2409
MESH:D017443,"Skin Diseases, Eczematous",2410
MESH:D020163,Ornithine Carbamoyltransferase Deficiency Disease,2411
MESH:D056693,Propionic Acidemia,2412
MESH:D000137,Acid-Base Imbalance,2413
MESH:D014075,Tooth Discoloration,2414
MESH:D008202,Lymphangioma,2415
MESH:D014648,Varicose Veins,2416
MESH:C572845,"Thyroid cancer, follicular",2417
MESH:D015526,AIDS Dementia Complex,2418
MESH:D018549,Cryptogenic Organizing Pneumonia,2419
MESH:D018324,"Hemangioma, Capillary",2420
MESH:D013716,Tennis Elbow,2421
MESH:D003638,Deafness,2422
MESH:D008587,"Meningitis, Viral",2423
MESH:D007340,Insulinoma,2424
MESH:D002825,Chorioretinitis,2425
MESH:D010229,Paracoccidioidomycosis,2426
MESH:D000361,Agammaglobulinemia,2427
MESH:D054066,"Leukemia, Large Granular Lymphocytic",2428
MESH:D000072657,ST Elevation Myocardial Infarction,2429
MESH:D018221,"Fibromatosis, Abdominal",2430
MESH:D001850,"Bone Diseases, Infectious",2431
MESH:D051271,"Headache Disorders, Secondary",2432
MESH:D020225,Sagittal Sinus Thrombosis,2433
MESH:D018567,"Breast Neoplasms, Male",2434
MESH:D018317,Nerve Sheath Neoplasms,2435
MESH:D016878,POEMS Syndrome,2436
MESH:D052801,Male Urogenital Diseases,2437
MESH:D012829,Silicosis,2438
MESH:D018921,Leukostasis,2439
MESH:D008088,Listeriosis,2440
MESH:D010305,Parotid Diseases,2441
MESH:D004478,Ectoparasitic Infestations,2442
MESH:D005316,Fetal Distress,2443
MESH:D007713,Klinefelter Syndrome,2444
MESH:D004422,Dystonia Musculorum Deformans,2445
MESH:C535841,Hashimoto's encephalitis,2446
MESH:D016849,"Keratitis, Herpetic",2447
MESH:D021183,Peanut Hypersensitivity,2448
MESH:D003560,Cysts,2449
MESH:D000189,Actinobacillus Infections,2450
MESH:D005674,Fusobacterium Infections,2451
MESH:D005871,Castleman Disease,2452
MESH:D051261,"Granulomatosis, Orofacial",2453
MESH:D054747,Histiocytic Sarcoma,2454
MESH:D018318,"Neurofibroma, Plexiform",2455
MESH:D016183,Murine Acquired Immunodeficiency Syndrome,2456
MESH:D019462,"Syncope, Vasovagal",2457
MESH:D001602,Beriberi,2458
MESH:D014899,Wernicke Encephalopathy,2459
MESH:D059327,Brachydactyly,2460
MESH:D004480,Ectromelia,2461
MESH:D000078064,Gestational Weight Gain,2462
MESH:D018242,"Neuroectodermal Tumors, Primitive",2463
MESH:D002349,Carpal Tunnel Syndrome,2464
MESH:D050031,Hashimoto Disease,2465
MESH:D001102,Arbovirus Infections,2466
MESH:D018917,"Optic Neuropathy, Ischemic",2467
MESH:D005884,Gingival Hemorrhage,2468
MESH:D001762,Blepharitis,2469
MESH:D003231,Conjunctivitis,2470
MESH:D015817,Eye Infections,2471
MESH:C537055,Alopecia universalis,2472
MESH:D015352,Dry Eye Syndromes,2473
MESH:D006467,Hemophilia A,2474
MESH:D053578,Opsoclonus-Myoclonus Syndrome,2475
MESH:D002822,Choriocarcinoma,2476
MESH:D007911,Lentigo,2477
MESH:C562992,Lung agenesis,2478
MESH:D014983,Xeroderma Pigmentosum,2479
MESH:D012223,"Rhinitis, Vasomotor",2480
MESH:C535306,2-Hydroxyglutaricaciduria,2481
MESH:D012553,Schistosomiasis haematobia,2482
MESH:D005211,Fascioliasis,2483
MESH:D002137,Calculi,2484
MESH:D016659,Psoas Abscess,2485
MESH:D009914,Oral Submucous Fibrosis,2486
MESH:D000820,Animal Diseases,2487
MESH:D000168,Acrocephalosyndactylia,2488
MESH:D015518,Rett Syndrome,2489
MESH:C538525,Mitochondrial encephalopathy,2490
MESH:C535933,"Cholestasis, progressive familial intrahepatic 1",2491
MESH:C535932,Intrahepatic Cholestasis of Pregnancy,2492
MESH:D017094,"Porphyrias, Hepatic",2493
MESH:D006560,Herpes Labialis,2494
MESH:D013342,Stuttering,2495
MESH:D020268,"Alcohol-Induced Disorders, Nervous System",2496
MESH:D012909,Snake Bites,2497
MESH:C569516,Trichophyton infection,2498
MESH:D038261,Alexander Disease,2499
MESH:C535803,succinic semialdehyde dehydrogenase deficiency,2500
MESH:D005242,Fecal Incontinence,2501
MESH:D013120,Spinal Cord Neoplasms,2502
MESH:D013125,Spinal Neoplasms,2503
MESH:D018307,"Neoplasms, Squamous Cell",2504
MESH:D014802,Vitamin A Deficiency,2505
MESH:C538556,Imerslund-Grasbeck syndrome,2506
MESH:D012183,Retrograde Degeneration,2507
MESH:D026681,Vitamin B 6 Deficiency,2508
MESH:D008844,Micrognathism,2509
MESH:C537440,Arterial calcification of infancy,2510
MESH:D020428,Femoral Neuropathy,2511
MESH:D020953,Neuroaspergillosis,2512
MESH:D002542,Intracranial Embolism and Thrombosis,2513
MESH:D054068,Livedo Reticularis,2514
MESH:D008946,Mitral Valve Stenosis,2515
MESH:D020151,Protein C Deficiency,2516
MESH:D016609,"Neoplasms, Second Primary",2517
MESH:D017129,Anisakiasis,2518
MESH:D003665,Decompression Sickness,2519
MESH:D012192,Retroviridae Infections,2520
MESH:D016097,Simian Acquired Immunodeficiency Syndrome,2521
MESH:C563739,Erythrokeratodermia Variabilis 3,2522
MESH:D005264,Femoral Fractures,2523
MESH:D002062,Bursitis,2524
MESH:D015012,Yersinia pseudotuberculosis Infections,2525
