ChemicalID,ChemicalName,drug_index
C420062,"1-(2-methylbenzoxazol-6-yl)-3-(1,5)naphthyridin-4-yl urea",51
C001369,1-hydroxy-3-amino-2-pyrrolidone,161
C521335,"2-(2'-(dimethylamino)ethyl)-1,2-dihydro-7-ethoxydibenz(de,h)isoquinoline-1,3-dione",218
C045674,"2',3'-O-(2,4,6-trinitro-cyclohexadienylidine)adenosine 5'-triphosphate",246
C000612000,24-diamino-5-phenylthiazole,263
C522027,"(2,8-dioxabicyclo(3.3.0)oct-6-yl)-N-(4-((3,4-methylenedioxyphenyl)sulfonyl-(2-methylpropyl)amino)-3-hydroxy-1-phenylbutan-2-yl) carbamate",306
C505014,"3-(1-adamantyl)-6,7,8,9-tetrahydro-5H-(1,2,4)triazolo(4,3-a)azepine",413
C586245,"3,3-dibromoflavanone",445
D019900,"3,4-Dichloro-N-methyl-N-(2-(1-pyrrolidinyl)-cyclohexyl)-benzeneacetamide, (trans)-Isomer",475
C502015,(3-ethyl-2-methyl-quinolin-6-yl)-(4-methoxycyclohexyl)methanone methanesulfonate,535
C441128,"3-N-1(spermine)-7, 24-dihydroxy-5-cholestane 24-sulfate",560
C584509,"4-(4-((5-(4,5-dimethyl-2-nitrophenyl)-2-furanyl)methylene)-4,5-dihydro-3-methyl-5-oxo-1H-pyrazol-1-yl)benzoic acid",597
C523393,"4-(6-hydroxy-2-naphthyl)-1,3-benzenediol",620
C008842,4-amino-3-phenylbutyric acid,626
C568957,(4-chloro-2-((2-methyl-5-(propylsulfonyl)phenyl)ethynyl)phenoxy)acetic acid,641
C400084,4-chlorobenzyltetrahydroberberine,643
C069037,4(G)-alpha-glucopyranosyl-rutin,655
C041594,4-nonylphenol,684
C112530,5-FU-CDDP protocol,755
C111855,"6-formylindolo(3,2-b)carbazole",809
C550613,"7-(4-fluorobenzylamino)-1,3,4,8-tetrahydropyrrolo(4,3,2-de)quinolin-8(1H)-one",843
C550091,"9,10-dihydro-2,5-dimethoxyphenanthrene-1,7-diol",892
C037112,9-deoxy-delta-9-prostaglandin D2,897
C104288,A 85380,912
D000181,Acrylonitrile,985
C034159,"ACTH (4-10), Phe(7)-",988
C022192,alinidine,1081
C516685,alisol F,1086
C066811,alpha-isopropyl-alpha-methyl-gamma-butyrolactone,1130
C055582,ALS 8123,1149
D000536,Aluminum Hydroxide,1155
C557933,AMG-837,1186
D000578,Amidines,1188
C118790,angiotensin I (1-7),1272
D000978,Antiparkinson Agents,1330
C505730,apremilast,1362
C045816,arsenic trisulfide,1402
C047721,artemisic acid,1409
D001427,Bacterial Toxins,1521
D001546,Bentonite,1586
D001564,Benzo(a)pyrene,1594
C008574,beta-myrcene,1660
D044946,Biflavonoids,1688
D001712,Biperiden,1704
C079310,blonanserin,1735
C000613976,capmatinib,1934
D002231,Carbimazole,1956
D002257,Carbonic Anhydrase Inhibitors,1961
C054133,casticin,1998
D000077525,Cefdinir,2031
D017332,Cetirizine,2085
C023676,chloroquine diphosphate,2152
D002740,Chlorothiazide,2153
C012842,Cibacron Blue F 3GA,2198
C017137,clorexolone,2285
D003010,Clorgyline,2286
C463759,codonoposide,2320
C518685,"CP-809,101",2379
C550386,CVT-10216,2423
D003513,Cycloheximide,2448
C072247,cyclo(Trp-Asp-Pro-Val-Leu),2463
D003545,Cysteine,2479
D003647,Debrisoquin,2548
C028633,dehydroevodiamine,2571
C060209,"deltorphin II, Ala(2)-",2584
D003707,Demeclocycline,2585
D000077335,Desflurane,2599
C472036,dihydromyricetin,2719
D054659,Diketopiperazines,2729
D004298,Dopamine,2807
D004492,Edetic Acid,2882
C104753,eglumetad,2891
D015118,Eicosapentaenoic Acid,2898
D004610,Ellagic Acid,2910
C026586,EO 122,2973
D004872,Ergocalciferols,3011
D004961,Estramustine,3051
D004986,Ether,3064
D005016,Ethoxzolamide,3074
D005036,Ethylmorphine,3085
C481190,etilevodopa,3095
C044610,etizolam,3096
D000077591,Eucalyptol,3108
C078928,eurystatin B,3118
C004992,famophos,3139
D005204,Farnesol,3144
D017313,Fenretinide,3183
C056895,flesinoxan,3241
D005437,Flucytosine,3251
D024841,Fluoroquinolones,3268
C045849,F-MACHOP protocol,3291
D000077604,Fomepizole,3296
C018066,frenolicin B,3328
D005632,Fructose,3332
D000077267,Fulvestrant,3342
C560287,glyceryl-isoeugenol,3487
C577920,GSK-2816126,3536
C004945,guanadrel,3547
C441088,H 2545,3572
C000718013,H3B-120,3575
C411103,HCT 3012,3590
D006710,Homocysteine,3664
D007155,Immunologic Factors,3806
C050325,indolidan,3829
D007488,Iprindole,3873
C538973,isosakuranetin,3920
D007548,Isosorbide Dinitrate,3924
C471998,JTE 013,3959
C422645,JTE 907,3961
C063587,juzentaihoto,3967
C074279,KH 1060,3999
C466918,KMUP 880602,4003
C019448,kyotorphin,4018
D054709,Lecithins,4067
D015636,Magnesium Chloride,4272
C058079,McN 5652,4337
D008680,Metaraminol,4415
D008710,Methenolone,4430
C008514,methylxanthine,4488
D008785,Metiamide,4491
D014290,Metipranolol,4493
D008797,Metyrapone,4501
D008939,Mitotane,4551
C112266,MRZ 2-576,4628
C559869,"N-(2-(7-(cyclohexylmethyl)-1,6-dihydro-2H-indeno(5,4-b)furan-8-yl)ethyl)acetamide",4692
C516322,N'-((2-hydroxyphenyl)carbonothioyl)pyridine-2-carbohydrazide,4703
C481648,"N-(2-methyl-4,5-bis(methylsulfonyl)benzoyl)guanidine",4708
C000624602,"N-((3,5-difluorophenyl)acetyl)alanyl-2-phenylglycine-1,1-dimethylethyl ester",4724
C496401,N-((3-(aminomethyl)phenyl)methyl)ethanimidamide,4726
C583223,"N-((4-(4-methylpiperazin-1-yl)phenyl)methyl)-1,2-oxazole-5-carboxamide",4744
D009266,Nalbuphine,4788
D009281,Naphthalenes,4810
C005274,naringin,4822
C002443,neem oil,4852
C407426,neurotensin 69L,4882
D009531,Niceritrol,4898
D015376,Nimustine,4927
D018817,"N-Methyl-3,4-methylenedioxyamphetamine",4964
C047330,N-methylisoindigotin,4967
C502805,"N,N'-((5-(2-amino-5-(2-methylpropyl)-4-thiazolyl)-2-furanyl)phosphinylidene)bis(alanine) diethyl ester",4978
C093285,NOC 18,4997
C440229,Oleylethanolamide,5110
C054256,olvanil,5123
C105739,OPB 9195,5146
D010095,Oxotremorine,5210
D010110,Oxymetholone,5222
C082887,PD 145065,5300
C055139,pemirolast,5320
D010567,Pertussis Vaccine,5380
D010624,Phenelzine,5404
D019800,Phenol,5414
D010695,Phlorhizin,5448
D010710,Phosphates,5451
C003140,phytofluene,5475
C117268,pimecrolimus,5495
C005569,pipamperone,5507
D010880,Piperidines,5513
D010971,Plastoquinone,5552
C477961,poliothrysoside,5573
D011068,Poly G,5586
C489337,potassium oxonate,5621
C028797,pralidoxime,5631
D011339,Probenecid,5667
D011352,Procyclidine,5676
C083295,prunetin,5741
D011729,Pyridostigmine Bromide,5783
C009131,pyrimidin-2-one beta-ribofuranoside,5792
D052999,Quinazolinones,5833
C544967,quizartinib,5852
C412383,R 121919,5857
C582845,R-7050,5859
D020849,Raloxifene Hydrochloride,5871
C105328,RG 13965,5928
C114163,Ro 4-6790,5972
C053519,Rosen's T-10 protocol,5996
C109640,sabcomeline,6049
C092797,safinamide,6055
C541923,sandostatinLAR,6076
D000077149,Sevoflurane,6201
C045597,SK&F 100330-A,6250
C545823,"soybean oil, phospholipid emulsion",6327
C085215,SR 140333,6354
D013440,Sulfides,6420
C561917,"tablysin-15, Tabanus yao",6463
D016559,Tacrolimus,6467
D000077712,Telbivudine,6518
D013830,Thiadiazoles,6611
C040872,TMF protocol,6689
D014266,Trientine,6786
D014280,Triglycerides,6791
C009560,trigonelline,6792
C514931,UA 0713,6857
D014508,Urea,6877
D000077597,Vildagliptin,6968
D014812,Vitamin K,6991
C102817,voglibose,7004
C462299,xaliproden,7042
C064876,YM 16151-1,7083
D015032,Zinc,7121
D019287,Zinc Sulfate,7129
